abbr_state,county,fips,democrat,republican,other
il,adams,17001,12344,0,0
il,adams,34002,0,0,1235
il,adams,17001,0,18046,0
il,alexander,17003,1511,0,0
il,alexander,34006,0,0,91
il,alexander,17003,0,1121,0
il,bond,17005,3201,0,0
il,bond,34010,0,0,402
il,bond,17005,0,3836,0
il,boone,17007,8477,0,0
il,boone,34014,0,0,1542
il,boone,17007,0,12497,0
il,brown,17009,791,0,0
il,brown,34018,0,0,96
il,brown,17009,0,1366,0
il,bureau,17011,6819,0,0
il,bureau,34022,0,0,943
il,bureau,17011,0,8415,0
il,calhoun,17013,1272,0,0
il,calhoun,34026,0,0,73
il,calhoun,17013,0,1129,0
il,carroll,17015,2567,0,0
il,carroll,34030,0,0,391
il,carroll,17015,0,4348,0
il,cass,17017,1795,0,0
il,cass,34034,0,0,303
il,cass,17017,0,2914,0
il,champaign,17019,45355,0,0
il,champaign,34038,0,0,5153
il,champaign,17019,0,38525,0
il,christian,17021,4863,0,0
il,christian,34042,0,0,987
il,christian,17021,0,9297,0
il,clark,17023,2392,0,0
il,clark,34046,0,0,388
il,clark,17023,0,4949,0
il,clay,17025,1909,0,0
il,clay,34050,0,0,275
il,clay,17025,0,3896,0
il,clinton,17027,6413,0,0
il,clinton,34054,0,0,694
il,clinton,17027,0,10032,0
il,coles,17029,7493,0,0
il,coles,34058,0,0,1370
il,coles,17029,0,12587,0
il,cook,17031,0,0,0
il,cook,NA,1423087,0,0
il,cook,NA,0,0,95844
il,cook,NA,0,512164,0
il,crawford,17033,2621,0,0
il,crawford,34066,0,0,432
il,crawford,17033,0,5338,0
il,cumberland,17035,1328,0,0
il,cumberland,34070,0,0,372
il,cumberland,17035,0,3790,0
il,de witt,17039,1941,0,0
il,de witt,34078,0,0,513
il,de witt,17039,0,5002,0
il,dekalb,17037,19906,0,0
il,dekalb,34074,0,0,3393
il,dekalb,17037,0,19299,0
il,douglas,17041,1968,0,0
il,douglas,34082,0,0,497
il,douglas,17041,0,5594,0
il,dupage,17043,203279,0,0
il,dupage,34086,0,0,22605
il,dupage,17043,0,190201,0
il,edgar,17045,2011,0,0
il,edgar,34090,0,0,418
il,edgar,17045,0,5279,0
il,edwards,17047,724,0,0
il,edwards,34094,0,0,134
il,edwards,17047,0,2321,0
il,effingham,17049,3801,0,0
il,effingham,34098,0,0,934
il,effingham,17049,0,12497,0
il,fayette,17051,3196,0,0
il,fayette,34102,0,0,431
il,fayette,17051,0,5744,0
il,ford,17053,1417,0,0
il,ford,34106,0,0,400
il,ford,17053,0,4497,0
il,franklin,17055,8518,0,0
il,franklin,34110,0,0,889
il,franklin,17055,0,8885,0
il,fulton,17057,6711,0,0
il,fulton,34114,0,0,1162
il,fulton,17057,0,7690,0
il,gallatin,17059,1263,0,0
il,gallatin,34118,0,0,85
il,gallatin,17059,0,1209,0
il,greene,17061,2019,0,0
il,greene,34122,0,0,318
il,greene,17061,0,3059,0
il,grundy,17063,9425,0,0
il,grundy,34126,0,0,1715
il,grundy,17063,0,11587,0
il,hamilton,17065,1626,0,0
il,hamilton,34130,0,0,161
il,hamilton,17065,0,2170,0
il,hancock,17067,2931,0,0
il,hancock,34134,0,0,360
il,hancock,17067,0,4497,0
il,hardin,17069,863,0,0
il,hardin,34138,0,0,63
il,hardin,17069,0,1135,0
il,henderson,17071,1403,0,0
il,henderson,34142,0,0,198
il,henderson,17071,0,1818,0
il,henry,17073,9459,0,0
il,henry,34146,0,0,1318
il,henry,17073,0,13181,0
il,iroquois,17075,2746,0,0
il,iroquois,34150,0,0,751
il,iroquois,17075,0,9356,0
il,jackson,17077,13720,0,0
il,jackson,34154,0,0,1716
il,jackson,17077,0,8983,0
il,jasper,17079,1420,0,0
il,jasper,34158,0,0,214
il,jasper,17079,0,3310,0
il,jefferson,17081,6886,0,0
il,jefferson,34162,0,0,888
il,jefferson,17081,0,8775,0
il,jersey,17083,4226,0,0
il,jersey,34166,0,0,558
il,jersey,17083,0,5829,0
il,jo daviess,17085,4513,0,0
il,jo daviess,34170,0,0,589
il,jo daviess,17085,0,5978,0
il,johnson,17087,2049,0,0
il,johnson,34174,0,0,308
il,johnson,17087,0,3568,0
il,kane,17089,93092,0,0
il,kane,34178,0,0,12420
il,kane,17089,0,87153,0
il,kankakee,17091,20840,0,0
il,kankakee,34182,0,0,2764
il,kankakee,17091,0,22797,0
il,kendall,17093,22656,0,0
il,kendall,34186,0,0,3638
il,kendall,17093,0,24313,0
il,knox,17095,10516,0,0
il,knox,34190,0,0,1186
il,knox,17095,0,10257,0
il,la salle,17099,21773,0,0
il,la salle,34198,0,0,2980
il,la salle,17099,0,23074,0
il,lake,17097,147888,0,0
il,lake,34194,0,0,14042
il,lake,17097,0,133592,0
il,lawrence,17101,1933,0,0
il,lawrence,34202,0,0,244
il,lawrence,17101,0,3700,0
il,lee,17103,5562,0,0
il,lee,34206,0,0,1023
il,lee,17103,0,8624,0
il,livingston,17105,3998,0,0
il,livingston,34210,0,0,950
il,livingston,17105,0,10154,0
il,logan,17107,3262,0,0
il,logan,34214,0,0,719
il,logan,17107,0,8217,0
il,macon,17115,18469,0,0
il,macon,34230,0,0,2618
il,macon,17115,0,26030,0
il,macoupin,17117,10100,0,0
il,macoupin,34234,0,0,1056
il,macoupin,17117,0,10450,0
il,madison,17119,63957,0,0
il,madison,34238,0,0,6588
il,madison,17119,0,56495,0
il,marion,17121,6650,0,0
il,marion,34242,0,0,703
il,marion,17121,0,9023,0
il,marshall,17123,1916,0,0
il,marshall,34246,0,0,382
il,marshall,17123,0,3580,0
il,mason,17125,2293,0,0
il,mason,34250,0,0,380
il,mason,17125,0,3701,0
il,massac,17127,2456,0,0
il,massac,34254,0,0,330
il,massac,17127,0,3737,0
il,mcdonough,17109,6245,0,0
il,mcdonough,34218,0,0,729
il,mcdonough,17109,0,5906,0
il,mchenry,17111,57923,0,0
il,mchenry,34222,0,0,10349
il,mchenry,17111,0,71688,0
il,mclean,17113,32945,0,0
il,mclean,34226,0,0,5309
il,mclean,17113,0,41363,0
il,menard,17129,1764,0,0
il,menard,34258,0,0,352
il,menard,17129,0,4277,0
il,mercer,17131,3383,0,0
il,mercer,34262,0,0,478
il,mercer,17131,0,4457,0
il,monroe,17133,7446,0,0
il,monroe,34266,0,0,715
il,monroe,17133,0,10869,0
il,montgomery,17135,5350,0,0
il,montgomery,34270,0,0,647
il,montgomery,17135,0,6649,0
il,morgan,17137,4727,0,0
il,morgan,34274,0,0,788
il,morgan,17137,0,9095,0
il,moultrie,17139,1567,0,0
il,moultrie,34278,0,0,357
il,moultrie,17139,0,4263,0
il,ogle,17141,7623,0,0
il,ogle,34282,0,0,1472
il,ogle,17141,0,14758,0
il,peoria,17143,35982,0,0
il,peoria,34286,0,0,4473
il,peoria,17143,0,37766,0
il,perry,17145,4238,0,0
il,perry,34290,0,0,443
il,perry,17145,0,4901,0
il,piatt,17147,2554,0,0
il,piatt,34294,0,0,471
il,piatt,17147,0,5937,0
il,pike,17149,2652,0,0
il,pike,34298,0,0,335
il,pike,17149,0,4374,0
il,pope,17151,703,0,0
il,pope,34302,0,0,84
il,pope,17151,0,1279,0
il,pulaski,17153,1231,0,0
il,pulaski,34306,0,0,70
il,pulaski,17153,0,1137,0
il,putnam,17155,1252,0,0
il,putnam,34310,0,0,168
il,putnam,17155,0,1583,0
il,randolph,17157,6092,0,0
il,randolph,34314,0,0,502
il,randolph,17157,0,7344,0
il,richland,17159,2202,0,0
il,richland,34318,0,0,351
il,richland,17159,0,4897,0
il,rock island,17161,32912,0,0
il,rock island,34322,0,0,3178
il,rock island,17161,0,26741,0
il,saline,17165,4768,0,0
il,saline,34330,0,0,438
il,saline,17165,0,5595,0
il,sangamon,17167,39760,0,0
il,sangamon,34334,0,0,5378
il,sangamon,17167,0,51698,0
il,schuyler,17169,1611,0,0
il,schuyler,34338,0,0,192
il,schuyler,17169,0,1942,0
il,scott,17171,841,0,0
il,scott,34342,0,0,107
il,scott,17171,0,1605,0
il,shelby,17173,2716,0,0
il,shelby,34346,0,0,699
il,shelby,17173,0,7408,0
il,st clair,17163,68114,0,0
il,st clair,34326,0,0,5235
il,st clair,17163,0,45589,0
il,stark,17175,779,0,0
il,stark,34350,0,0,159
il,stark,17175,0,1759,0
il,stephenson,17177,7189,0,0
il,stephenson,34354,0,0,1195
il,stephenson,17177,0,11250,0
il,tazewell,17179,21114,0,0
il,tazewell,34358,0,0,4449
il,tazewell,17179,0,38268,0
il,union,17181,3828,0,0
il,union,34362,0,0,360
il,union,17181,0,4222,0
il,vermilion,17183,10327,0,0
il,vermilion,34366,0,0,1772
il,vermilion,17183,0,17586,0
il,wabash,17185,1534,0,0
il,wabash,34370,0,0,227
il,wabash,17185,0,3494,0
il,warren,17187,3019,0,0
il,warren,34374,0,0,503
il,warren,17187,0,4179,0
il,washington,17189,2551,0,0
il,washington,34378,0,0,290
il,washington,17189,0,4412,0
il,wayne,17191,1924,0,0
il,wayne,34382,0,0,402
il,wayne,17191,0,5612,0
il,white,17193,2407,0,0
il,white,34386,0,0,322
il,white,17193,0,4355,0
il,whiteside,17195,11648,0,0
il,whiteside,34390,0,0,1368
il,whiteside,17195,0,12125,0
il,will,17197,147451,0,0
il,will,34394,0,0,18215
il,will,17197,0,124101,0
il,williamson,17199,13460,0,0
il,williamson,34398,0,0,1529
il,williamson,17199,0,16021,0
il,winnebago,17201,49852,0,0
il,winnebago,34402,0,0,7494
il,winnebago,17201,0,55733,0
il,woodford,17203,5059,0,0
il,woodford,34406,0,0,1196
il,woodford,17203,0,13250,0
in,adams,18001,3839,0,0
in,adams,18001,0,0,865
in,adams,18001,0,8425,0
in,allen,18003,59700,0,0
in,allen,18003,0,0,8482
in,allen,18003,0,79230,0
in,bartholomew,18005,11354,0,0
in,bartholomew,18005,0,0,1839
in,bartholomew,18005,0,19048,0
in,benton,18007,1132,0,0
in,benton,18007,0,0,246
in,benton,18007,0,2316,0
in,blackford,18009,1707,0,0
in,blackford,18009,0,0,364
in,blackford,18009,0,2748,0
in,boone,18011,10583,0,0
in,boone,18011,0,0,1715
in,boone,18011,0,19966,0
in,brown,18013,2907,0,0
in,brown,18013,0,0,462
in,brown,18013,0,4615,0
in,carroll,18015,2521,0,0
in,carroll,18015,0,0,648
in,carroll,18015,0,5512,0
in,cass,18017,4926,0,0
in,cass,18017,0,0,1012
in,cass,18017,0,8303,0
in,clark,18019,21394,0,0
in,clark,18019,0,0,1995
in,clark,18019,0,27664,0
in,clay,18021,3979,0,0
in,clay,18021,0,0,697
in,clay,18021,0,6439,0
in,clinton,18023,3693,0,0
in,clinton,18023,0,0,740
in,clinton,18023,0,7290,0
in,crawford,18025,1890,0,0
in,crawford,18025,0,0,169
in,crawford,18025,0,2498,0
in,daviess,18027,3131,0,0
in,daviess,18027,0,0,450
in,daviess,18027,0,7096,0
in,dearborn,18029,5250,0,0
in,dearborn,18029,0,0,953
in,dearborn,18029,0,17286,0
in,decatur,18031,3022,0,0
in,decatur,18031,0,0,602
in,decatur,18031,0,7300,0
in,dekalb,18033,5028,0,0
in,dekalb,18033,0,0,1413
in,dekalb,18033,0,10229,0
in,delaware,18035,20515,0,0
in,delaware,18035,0,0,2740
in,delaware,18035,0,21515,0
in,dubois,18037,7692,0,0
in,dubois,18037,0,0,962
in,dubois,18037,0,11029,0
in,elkhart,18039,23348,0,0
in,elkhart,18039,0,0,3387
in,elkhart,18039,0,39234,0
in,fayette,18041,3170,0,0
in,fayette,18041,0,0,609
in,fayette,18041,0,5602,0
in,floyd,18043,15497,0,0
in,floyd,18043,0,0,1348
in,floyd,18043,0,20730,0
in,fountain,18045,2071,0,0
in,fountain,18045,0,0,449
in,fountain,18045,0,4981,0
in,franklin,18047,2623,0,0
in,franklin,18047,0,0,359
in,franklin,18047,0,7922,0
in,fulton,18049,2793,0,0
in,fulton,18049,0,0,552
in,fulton,18049,0,5076,0
in,gibson,18051,5518,0,0
in,gibson,18051,0,0,776
in,gibson,18051,0,9218,0
in,grant,18053,8365,0,0
in,grant,18053,0,0,1643
in,grant,18053,0,15281,0
in,greene,18055,5061,0,0
in,greene,18055,0,0,699
in,greene,18055,0,7865,0
in,hamilton,18057,55663,0,0
in,hamilton,18057,0,0,6798
in,hamilton,18057,0,92655,0
in,hancock,18059,10772,0,0
in,hancock,18059,0,0,2402
in,hancock,18059,0,23187,0
in,harrison,18061,6570,0,0
in,harrison,18061,0,0,580
in,harrison,18061,0,11435,0
in,hendricks,18063,24424,0,0
in,hendricks,18063,0,0,3886
in,hendricks,18063,0,46710,0
in,henry,18065,6915,0,0
in,henry,18065,0,0,1557
in,henry,18065,0,11664,0
in,howard,18067,14311,0,0
in,howard,18067,0,0,2377
in,howard,18067,0,20402,0
in,huntington,18069,4545,0,0
in,huntington,18069,0,0,1280
in,huntington,18069,0,9941,0
in,jackson,18071,5626,0,0
in,jackson,18071,0,0,721
in,jackson,18071,0,11267,0
in,jasper,18073,4106,0,0
in,jasper,18073,0,0,575
in,jasper,18073,0,8556,0
in,jay,18075,2721,0,0
in,jay,18075,0,0,596
in,jay,18075,0,4529,0
in,jefferson,18077,5423,0,0
in,jefferson,18077,0,0,462
in,jefferson,18077,0,7534,0
in,jennings,18079,3701,0,0
in,jennings,18079,0,0,515
in,jennings,18079,0,6948,0
in,johnson,18081,19897,0,0
in,johnson,18081,0,0,3719
in,johnson,18081,0,43317,0
in,knox,18083,6503,0,0
in,knox,18083,0,0,810
in,knox,18083,0,7816,0
in,kosciusko,18085,8025,0,0
in,kosciusko,18085,0,0,1981
in,kosciusko,18085,0,22179,0
in,lagrange,18087,2782,0,0
in,lagrange,18087,0,0,618
in,lagrange,18087,0,6222,0
in,lake,18089,122006,0,0
in,lake,18089,0,0,7538
in,lake,18089,0,67626,0
in,laporte,18091,22398,0,0
in,laporte,18091,0,0,2764
in,laporte,18091,0,19727,0
in,lawrence,18093,5493,0,0
in,lawrence,18093,0,0,1007
in,lawrence,18093,0,12326,0
in,madison,18095,22181,0,0
in,madison,18095,0,0,3686
in,madison,18095,0,28049,0
in,marion,18097,213298,0,0
in,marion,18097,0,0,20125
in,marion,18097,0,131486,0
in,marshall,18099,6222,0,0
in,marshall,18099,0,0,1059
in,marshall,18099,0,10658,0
in,martin,18101,1595,0,0
in,martin,18101,0,0,261
in,martin,18101,0,2932,0
in,miami,18103,3836,0,0
in,miami,18103,0,0,1007
in,miami,18103,0,8453,0
in,monroe,18105,34198,0,0
in,monroe,18105,0,0,3476
in,monroe,18105,0,20994,0
in,montgomery,18107,4393,0,0
in,montgomery,18107,0,0,976
in,montgomery,18107,0,9807,0
in,morgan,18109,7819,0,0
in,morgan,18109,0,0,2011
in,morgan,18109,0,21189,0
in,newton,18111,1786,0,0
in,newton,18111,0,0,313
in,newton,18111,0,3670,0
in,noble,18113,4996,0,0
in,noble,18113,0,0,1217
in,noble,18113,0,10509,0
in,ohio,18115,853,0,0
in,ohio,18115,0,0,95
in,ohio,18115,0,1948,0
in,orange,18117,2793,0,0
in,orange,18117,0,0,291
in,orange,18117,0,5133,0
in,owen,18119,2642,0,0
in,owen,18119,0,0,557
in,owen,18119,0,5331,0
in,parke,18121,2339,0,0
in,parke,18121,0,0,435
in,parke,18121,0,3899,0
in,perry,18123,3990,0,0
in,perry,18123,0,0,388
in,perry,18123,0,3611,0
in,pike,18125,2228,0,0
in,pike,18125,0,0,314
in,pike,18125,0,3404,0
in,porter,18127,36690,0,0
in,porter,18127,0,0,4256
in,porter,18127,0,35511,0
in,posey,18129,4848,0,0
in,posey,18129,0,0,597
in,posey,18129,0,7048,0
in,pulaski,18131,1859,0,0
in,pulaski,18131,0,0,372
in,pulaski,18131,0,3109,0
in,putnam,18133,4319,0,0
in,putnam,18133,0,0,861
in,putnam,18133,0,9510,0
in,randolph,18135,3230,0,0
in,randolph,18135,0,0,614
in,randolph,18135,0,6409,0
in,ripley,18137,3182,0,0
in,ripley,18137,0,0,463
in,ripley,18137,0,9227,0
in,rush,18139,2238,0,0
in,rush,18139,0,0,441
in,rush,18139,0,4472,0
in,scott,18143,3763,0,0
in,scott,18143,0,0,288
in,scott,18143,0,5046,0
in,shelby,18145,5549,0,0
in,shelby,18145,0,0,1113
in,shelby,18145,0,11267,0
in,spencer,18147,3960,0,0
in,spencer,18147,0,0,458
in,spencer,18147,0,5465,0
in,st joseph,18141,56744,0,0
in,st joseph,18141,0,0,6782
in,st joseph,18141,0,47352,0
in,starke,18149,3443,0,0
in,starke,18149,0,0,699
in,starke,18149,0,4895,0
in,steuben,18151,4543,0,0
in,steuben,18151,0,0,1017
in,steuben,18151,0,9071,0
in,sullivan,18153,3856,0,0
in,sullivan,18153,0,0,429
in,sullivan,18153,0,4164,0
in,switzerland,18155,1242,0,0
in,switzerland,18155,0,0,139
in,switzerland,18155,0,2260,0
in,tippecanoe,18157,28853,0,0
in,tippecanoe,18157,0,0,4003
in,tippecanoe,18157,0,30019,0
in,tipton,18159,2260,0,0
in,tipton,18159,0,0,496
in,tipton,18159,0,4760,0
in,union,18161,901,0,0
in,union,18161,0,0,136
in,union,18161,0,2252,0
in,vanderburgh,18163,31857,0,0
in,vanderburgh,18163,0,0,3765
in,vanderburgh,18163,0,36743,0
in,vermillion,18165,3197,0,0
in,vermillion,18165,0,0,455
in,vermillion,18165,0,3245,0
in,vigo,18167,21017,0,0
in,vigo,18167,0,0,2225
in,vigo,18167,0,16572,0
in,wabash,18169,3925,0,0
in,wabash,18169,0,0,848
in,wabash,18169,0,8595,0
in,warren,18171,1159,0,0
in,warren,18171,0,0,211
in,warren,18171,0,2589,0
in,warrick,18173,11092,0,0
in,warrick,18173,0,0,1302
in,warrick,18173,0,17255,0
in,washington,18175,3772,0,0
in,washington,18175,0,0,405
in,washington,18175,0,7195,0
in,wayne,18177,9309,0,0
in,wayne,18177,0,0,1678
in,wayne,18177,0,14703,0
in,wells,18179,3514,0,0
in,wells,18179,0,0,835
in,wells,18179,0,8806,0
in,white,18181,3218,0,0
in,white,18181,0,0,696
in,white,18181,0,6065,0
in,whitley,18183,4500,0,0
in,whitley,18183,0,0,1208
in,whitley,18183,0,9864,0
mo,adair,29001,4196,0,0
mo,adair,87003,0,0,395
mo,adair,29001,0,5595,0
mo,andrew,29003,3122,0,0
mo,andrew,87009,0,0,370
mo,andrew,29003,0,5610,0
mo,atchison,29005,704,0,0
mo,atchison,87015,0,0,110
mo,atchison,29005,0,1861,0
mo,audrain,29007,3677,0,0
mo,audrain,87021,0,0,594
mo,audrain,29007,0,5726,0
mo,barry,29009,3864,0,0
mo,barry,87027,0,0,722
mo,barry,29009,0,10058,0
mo,barton,29011,1231,0,0
mo,barton,87033,0,0,201
mo,barton,29011,0,4479,0
mo,bates,29013,2865,0,0
mo,bates,87039,0,0,479
mo,bates,29013,0,4629,0
mo,benton,29015,3096,0,0
mo,benton,87045,0,0,534
mo,benton,29015,0,5887,0
mo,bollinger,29017,1379,0,0
mo,bollinger,87051,0,0,213
mo,bollinger,29017,0,4016,0
mo,boone,29019,0,0,0
mo,boone,NA,45050,0,0
mo,boone,NA,0,0,3776
mo,boone,NA,0,34121,0
mo,buchanan,29021,16101,0,0
mo,buchanan,87063,0,0,1839
mo,buchanan,29021,0,17653,0
mo,butler,29023,4543,0,0
mo,butler,87069,0,0,688
mo,butler,29023,0,11762,0
mo,caldwell,29025,1516,0,0
mo,caldwell,87075,0,0,284
mo,caldwell,29025,0,2513,0
mo,callaway,29027,7083,0,0
mo,callaway,87081,0,0,1119
mo,callaway,29027,0,10978,0
mo,camden,29029,6898,0,0
mo,camden,87087,0,0,976
mo,camden,29029,0,14261,0
mo,cape girardeau,29031,11187,0,0
mo,cape girardeau,87093,0,0,1416
mo,cape girardeau,29031,0,24103,0
mo,carroll,29033,1290,0,0
mo,carroll,87099,0,0,178
mo,carroll,29033,0,2875,0
mo,carter,29035,742,0,0
mo,carter,87105,0,0,133
mo,carter,29035,0,1907,0
mo,cass,29037,20589,0,0
mo,cass,87111,0,0,2705
mo,cass,29037,0,27450,0
mo,cedar,29039,1539,0,0
mo,cedar,87117,0,0,310
mo,cedar,29039,0,4443,0
mo,chariton,29041,1465,0,0
mo,chariton,87123,0,0,173
mo,chariton,29041,0,2319,0
mo,christian,29043,11853,0,0
mo,christian,87129,0,0,1887
mo,christian,29043,0,27806,0
mo,clark,29045,1059,0,0
mo,clark,87135,0,0,181
mo,clark,29045,0,2037,0
mo,clay,29047,55169,0,0
mo,clay,87141,0,0,5583
mo,clay,29047,0,49057,0
mo,clinton,29049,3987,0,0
mo,clinton,87147,0,0,619
mo,clinton,29049,0,5607,0
mo,cole,29051,14212,0,0
mo,cole,87153,0,0,1316
mo,cole,29051,0,21932,0
mo,cooper,29053,2920,0,0
mo,cooper,87159,0,0,384
mo,cooper,29053,0,4667,0
mo,crawford,29055,3144,0,0
mo,crawford,87165,0,0,524
mo,crawford,29055,0,6163,0
mo,dade,29057,969,0,0
mo,dade,87171,0,0,166
mo,dade,29057,0,2810,0
mo,dallas,29059,1979,0,0
mo,dallas,87177,0,0,347
mo,dallas,29059,0,5101,0
mo,daviess,29061,1263,0,0
mo,daviess,87183,0,0,249
mo,daviess,29061,0,2209,0
mo,dekalb,29063,1478,0,0
mo,dekalb,87189,0,0,267
mo,dekalb,29063,0,2826,0
mo,dent,29065,1795,0,0
mo,dent,87195,0,0,316
mo,dent,29065,0,4652,0
mo,douglas,29067,1556,0,0
mo,douglas,87201,0,0,356
mo,douglas,29067,0,4753,0
mo,dunklin,29069,3433,0,0
mo,dunklin,87207,0,0,402
mo,dunklin,29069,0,6536,0
mo,franklin,29071,19100,0,0
mo,franklin,87213,0,0,2590
mo,franklin,29071,0,28250,0
mo,gasconade,29073,2319,0,0
mo,gasconade,87219,0,0,358
mo,gasconade,29073,0,4743,0
mo,gentry,29075,1025,0,0
mo,gentry,87225,0,0,130
mo,gentry,29075,0,1860,0
mo,greene,29077,50599,0,0
mo,greene,87231,0,0,5795
mo,greene,29077,0,72382,0
mo,grundy,29079,1325,0,0
mo,grundy,87237,0,0,212
mo,grundy,29079,0,2898,0
mo,harrison,29081,1053,0,0
mo,harrison,87243,0,0,197
mo,harrison,29081,0,2415,0
mo,henry,29083,3783,0,0
mo,henry,87249,0,0,568
mo,henry,29083,0,5498,0
mo,hickory,29085,1490,0,0
mo,hickory,87255,0,0,253
mo,hickory,29085,0,2955,0
mo,holt,29087,628,0,0
mo,holt,87261,0,0,90
mo,holt,29087,0,1614,0
mo,howard,29089,1924,0,0
mo,howard,87267,0,0,234
mo,howard,29089,0,2671,0
mo,howell,29091,4374,0,0
mo,howell,87273,0,0,892
mo,howell,29091,0,12065,0
mo,iron,29093,1671,0,0
mo,iron,87279,0,0,227
mo,iron,29093,0,2329,0
mo,jackson,29095,0,0,0
mo,jackson,NA,180435,0,0
mo,jackson,NA,0,0,13366
mo,jackson,NA,0,100657,0
mo,jasper,29097,13791,0,0
mo,jasper,87291,0,0,2489
mo,jasper,29097,0,32115,0
mo,jefferson,29099,46937,0,0
mo,jefferson,87297,0,0,5509
mo,jefferson,29099,0,53183,0
mo,johnson,29101,8305,0,0
mo,johnson,87303,0,0,1229
mo,johnson,29101,0,11591,0
mo,knox,29103,558,0,0
mo,knox,87309,0,0,58
mo,knox,29103,0,1207,0
mo,laclede,29105,3950,0,0
mo,laclede,87315,0,0,757
mo,laclede,29105,0,11280,0
mo,lafayette,29107,6142,0,0
mo,lafayette,87321,0,0,900
mo,lafayette,29107,0,8804,0
mo,lawrence,29109,4331,0,0
mo,lawrence,87327,0,0,830
mo,lawrence,29109,0,11523,0
mo,lewis,29111,1472,0,0
mo,lewis,87333,0,0,214
mo,lewis,29111,0,2730,0
mo,lincoln,29113,9240,0,0
mo,lincoln,87339,0,0,1470
mo,lincoln,29113,0,14028,0
mo,linn,29115,2055,0,0
mo,linn,87345,0,0,262
mo,linn,29115,0,3243,0
mo,livingston,29117,2208,0,0
mo,livingston,87351,0,0,305
mo,livingston,29117,0,3834,0
mo,macon,29121,2323,0,0
mo,macon,87363,0,0,234
mo,macon,29121,0,4892,0
mo,madison,29123,1766,0,0
mo,madison,87369,0,0,320
mo,madison,29123,0,3203,0
mo,maries,29125,1338,0,0
mo,maries,87375,0,0,177
mo,maries,29125,0,2976,0
mo,marion,29127,4114,0,0
mo,marion,87381,0,0,498
mo,marion,29127,0,8238,0
mo,mcdonald,29119,1793,0,0
mo,mcdonald,87357,0,0,569
mo,mcdonald,29119,0,5811,0
mo,mercer,29129,396,0,0
mo,mercer,87387,0,0,74
mo,mercer,29129,0,1231,0
mo,miller,29131,3031,0,0
mo,miller,87393,0,0,541
mo,miller,29131,0,7760,0
mo,mississippi,29133,2063,0,0
mo,mississippi,87399,0,0,179
mo,mississippi,29133,0,2826,0
mo,moniteau,29135,2098,0,0
mo,moniteau,87405,0,0,258
mo,moniteau,29135,0,4427,0
mo,monroe,29137,1330,0,0
mo,monroe,87411,0,0,195
mo,monroe,29137,0,2584,0
mo,montgomery,29139,1721,0,0
mo,montgomery,87417,0,0,289
mo,montgomery,29139,0,3403,0
mo,morgan,29141,2916,0,0
mo,morgan,87423,0,0,442
mo,morgan,29141,0,5408,0
mo,new madrid,29143,2844,0,0
mo,new madrid,87429,0,0,252
mo,new madrid,29143,0,4157,0
mo,newton,29145,6688,0,0
mo,newton,87435,0,0,1322
mo,newton,29145,0,18592,0
mo,nodaway,29147,3466,0,0
mo,nodaway,87441,0,0,423
mo,nodaway,29147,0,5515,0
mo,oregon,29149,1385,0,0
mo,oregon,87447,0,0,215
mo,oregon,29149,0,3028,0
mo,osage,29151,2037,0,0
mo,osage,87453,0,0,235
mo,osage,29151,0,4781,0
mo,ozark,29153,1113,0,0
mo,ozark,87459,0,0,272
mo,ozark,29153,0,3085,0
mo,pemiscot,29155,2201,0,0
mo,pemiscot,87465,0,0,175
mo,pemiscot,29155,0,3476,0
mo,perry,29157,2636,0,0
mo,perry,87471,0,0,356
mo,perry,29157,0,5599,0
mo,pettis,29159,6652,0,0
mo,pettis,87477,0,0,973
mo,pettis,29159,0,10343,0
mo,phelps,29161,6569,0,0
mo,phelps,87483,0,0,891
mo,phelps,29161,0,11054,0
mo,pike,29163,2872,0,0
mo,pike,87489,0,0,396
mo,pike,29163,0,4084,0
mo,platte,29165,22475,0,0
mo,platte,87495,0,0,2197
mo,platte,29165,0,22090,0
mo,polk,29167,3604,0,0
mo,polk,87501,0,0,562
mo,polk,29167,0,9691,0
mo,pulaski,29169,0,0,0
mo,pulaski,NA,4059,0,0
mo,pulaski,NA,0,0,700
mo,pulaski,NA,0,8651,0
mo,putnam,29171,485,0,0
mo,putnam,87513,0,0,87
mo,putnam,29171,0,1708,0
mo,ralls,29173,1763,0,0
mo,ralls,87519,0,0,218
mo,ralls,29173,0,3220,0
mo,randolph,29175,3656,0,0
mo,randolph,87525,0,0,567
mo,randolph,29175,0,6135,0
mo,ray,29177,4720,0,0
mo,ray,87531,0,0,667
mo,ray,29177,0,5416,0
mo,reynolds,29179,1008,0,0
mo,reynolds,87537,0,0,150
mo,reynolds,29179,0,1776,0
mo,ripley,29181,1339,0,0
mo,ripley,87543,0,0,227
mo,ripley,29181,0,3813,0
mo,sainte genevieve,29186,3927,0,0
mo,sainte genevieve,87558,0,0,363
mo,sainte genevieve,29186,0,4095,0
mo,saline,29195,4059,0,0
mo,saline,87585,0,0,567
mo,saline,29195,0,4613,0
mo,schuyler,29197,547,0,0
mo,schuyler,87591,0,0,97
mo,schuyler,29197,0,1260,0
mo,scotland,29199,570,0,0
mo,scotland,87597,0,0,87
mo,scotland,29199,0,1283,0
mo,scott,29201,5439,0,0
mo,scott,87603,0,0,651
mo,scott,29201,0,11039,0
mo,shannon,29203,1234,0,0
mo,shannon,87609,0,0,206
mo,shannon,29203,0,2436,0
mo,shelby,29205,989,0,0
mo,shelby,87615,0,0,100
mo,shelby,29205,0,2129,0
mo,st charles,29183,87708,0,0
mo,st charles,87549,0,0,8505
mo,st charles,29183,0,103319,0
mo,st clair,29185,1460,0,0
mo,st clair,87555,0,0,253
mo,st clair,29185,0,2941,0
mo,st francois,29187,10117,0,0
mo,st francois,87561,0,0,1360
mo,st francois,29187,0,13108,0
mo,st louis,29510,104309,0,0
mo,st louis,88530,0,0,4167
mo,st louis,29510,0,19049,0
mo,st louis co,29189,0,0,0
mo,st louis co,NA,302950,0,0
mo,st louis co,NA,0,0,16772
mo,st louis co,NA,0,186325,0
mo,stoddard,29207,3423,0,0
mo,stoddard,87621,0,0,484
mo,stoddard,29207,0,9317,0
mo,stone,29209,4159,0,0
mo,stone,87627,0,0,738
mo,stone,29209,0,11614,0
mo,sullivan,29211,735,0,0
mo,sullivan,87633,0,0,75
mo,sullivan,29211,0,1662,0
mo,taney,29213,6130,0,0
mo,taney,87639,0,0,1093
mo,taney,29213,0,16088,0
mo,texas,29215,2829,0,0
mo,texas,87645,0,0,487
mo,texas,29215,0,7619,0
mo,vernon,29217,2697,0,0
mo,vernon,87651,0,0,402
mo,vernon,29217,0,5443,0
mo,warren,29219,5828,0,0
mo,warren,87657,0,0,885
mo,warren,29219,0,8916,0
mo,washington,29221,3516,0,0
mo,washington,87663,0,0,574
mo,washington,29221,0,5082,0
mo,wayne,29223,1701,0,0
mo,wayne,87669,0,0,293
mo,wayne,29223,0,3619,0
mo,webster,29225,4608,0,0
mo,webster,87675,0,0,736
mo,webster,29225,0,11440,0
mo,worth,29227,321,0,0
mo,worth,87681,0,0,46
mo,worth,29227,0,667,0
mo,wright,29229,1836,0,0
mo,wright,87687,0,0,325
mo,wright,29229,0,5926,0
nc,alamance,37001,28343,0,0
nc,alamance,37001,0,0,2319
nc,alamance,37001,0,38783,0
nc,alexander,37003,3879,0,0
nc,alexander,37003,0,0,925
nc,alexander,37003,0,13207,0
nc,alleghany,37005,1327,0,0
nc,alleghany,37005,0,0,226
nc,alleghany,37005,0,3698,0
nc,anson,37007,5717,0,0
nc,anson,37007,0,0,248
nc,anson,37007,0,4359,0
nc,ashe,37009,3550,0,0
nc,ashe,37009,0,0,505
nc,ashe,37009,0,9200,0
nc,avery,37011,1683,0,0
nc,avery,37011,0,0,315
nc,avery,37011,0,6004,0
nc,beaufort,37013,8369,0,0
nc,beaufort,37013,0,0,867
nc,beaufort,37013,0,14247,0
nc,bertie,37015,5653,0,0
nc,bertie,37015,0,0,139
nc,bertie,37015,0,3465,0
nc,bladen,37017,6964,0,0
nc,bladen,37017,0,0,393
nc,bladen,37017,0,8203,0
nc,brunswick,37019,22224,0,0
nc,brunswick,37019,0,0,2792
nc,brunswick,37019,0,41850,0
nc,buncombe,37021,75406,0,0
nc,buncombe,37021,0,0,5482
nc,buncombe,37021,0,55686,0
nc,burke,37023,11167,0,0
nc,burke,37023,0,0,1724
nc,burke,37023,0,24688,0
nc,cabarrus,37025,33823,0,0
nc,cabarrus,37025,0,0,4311
nc,cabarrus,37025,0,53127,0
nc,caldwell,37027,8511,0,0
nc,caldwell,37027,0,0,1838
nc,caldwell,37027,0,25422,0
nc,camden,37029,1266,0,0
nc,camden,37029,0,0,178
nc,camden,37029,0,3385,0
nc,carteret,37031,9554,0,0
nc,carteret,37031,0,0,1511
nc,carteret,37031,0,25830,0
nc,caswell,37033,4444,0,0
nc,caswell,37033,0,0,256
nc,caswell,37033,0,5729,0
nc,catawba,37035,20586,0,0
nc,catawba,37035,0,0,3440
nc,catawba,37035,0,46968,0
nc,chatham,37037,20427,0,0
nc,chatham,37037,0,0,1116
nc,chatham,37037,0,17936,0
nc,cherokee,37039,3156,0,0
nc,cherokee,37039,0,0,482
nc,cherokee,37039,0,9998,0
nc,chowan,37041,2859,0,0
nc,chowan,37041,0,0,133
nc,chowan,37041,0,3992,0
nc,clay,37043,1468,0,0
nc,clay,37043,0,0,187
nc,clay,37043,0,4145,0
nc,cleveland,37045,14962,0,0
nc,cleveland,37045,0,0,1600
nc,cleveland,37045,0,27402,0
nc,columbus,37047,8770,0,0
nc,columbus,37047,0,0,744
nc,columbus,37047,0,13557,0
nc,craven,37049,16812,0,0
nc,craven,37049,0,0,1762
nc,craven,37049,0,27572,0
nc,cumberland,37051,68696,0,0
nc,cumberland,37051,0,0,4190
nc,cumberland,37051,0,51210,0
nc,currituck,37053,2965,0,0
nc,currituck,37053,0,0,409
nc,currituck,37053,0,8834,0
nc,dare,37055,7094,0,0
nc,dare,37055,0,0,625
nc,dare,37055,0,11219,0
nc,davidson,37057,17012,0,0
nc,davidson,37057,0,0,2766
nc,davidson,37057,0,52120,0
nc,davie,37059,5080,0,0
nc,davie,37059,0,0,920
nc,davie,37059,0,15459,0
nc,duplin,37061,7933,0,0
nc,duplin,37061,0,0,537
nc,duplin,37061,0,11930,0
nc,durham,37063,115563,0,0
nc,durham,37063,0,0,3543
nc,durham,37063,0,33092,0
nc,edgecombe,37065,15778,0,0
nc,edgecombe,37065,0,0,443
nc,edgecombe,37065,0,8310,0
nc,forsyth,37067,87874,0,0
nc,forsyth,37067,0,0,5403
nc,forsyth,37067,0,80295,0
nc,franklin,37069,12820,0,0
nc,franklin,37069,0,0,1036
nc,franklin,37069,0,16224,0
nc,gaston,37071,30397,0,0
nc,gaston,37071,0,0,4359
nc,gaston,37071,0,59978,0
nc,gates,37073,2303,0,0
nc,gates,37073,0,0,127
nc,gates,37073,0,2800,0
nc,graham,37075,866,0,0
nc,graham,37075,0,0,171
nc,graham,37075,0,2915,0
nc,granville,37077,12679,0,0
nc,granville,37077,0,0,819
nc,granville,37077,0,13496,0
nc,greene,37079,3485,0,0
nc,greene,37079,0,0,199
nc,greene,37079,0,4265,0
nc,guilford,37081,142715,0,0
nc,guilford,37081,0,0,7592
nc,guilford,37081,0,102670,0
nc,halifax,37083,15474,0,0
nc,halifax,37083,0,0,410
nc,halifax,37083,0,8914,0
nc,harnett,37085,16542,0,0
nc,harnett,37085,0,0,1611
nc,harnett,37085,0,26971,0
nc,haywood,37087,10892,0,0
nc,haywood,37087,0,0,1466
nc,haywood,37087,0,17799,0
nc,henderson,37089,19645,0,0
nc,henderson,37089,0,0,2206
nc,henderson,37089,0,35214,0
nc,hertford,37091,6690,0,0
nc,hertford,37091,0,0,120
nc,hertford,37091,0,3100,0
nc,hoke,37093,9444,0,0
nc,hoke,37093,0,0,717
nc,hoke,37093,0,7580,0
nc,hyde,37095,938,0,0
nc,hyde,37095,0,0,75
nc,hyde,37095,0,1233,0
nc,iredell,37097,23913,0,0
nc,iredell,37097,0,0,4194
nc,iredell,37097,0,52502,0
nc,jackson,37099,7865,0,0
nc,jackson,37099,0,0,836
nc,jackson,37099,0,9476,0
nc,johnston,37101,28080,0,0
nc,johnston,37101,0,0,3165
nc,johnston,37101,0,53874,0
nc,jones,37103,1977,0,0
nc,jones,37103,0,0,155
nc,jones,37103,0,2878,0
nc,lee,37105,10304,0,0
nc,lee,37105,0,0,852
nc,lee,37105,0,13447,0
nc,lenoir,37107,11451,0,0
nc,lenoir,37107,0,0,622
nc,lenoir,37107,0,13263,0
nc,lincoln,37109,9745,0,0
nc,lincoln,37109,0,0,1891
nc,lincoln,37109,0,27726,0
nc,macon,37113,5334,0,0
nc,macon,37113,0,0,739
nc,macon,37113,0,11265,0
nc,madison,37115,4241,0,0
nc,madison,37115,0,0,499
nc,madison,37115,0,6245,0
nc,martin,37117,5646,0,0
nc,martin,37117,0,0,313
nc,martin,37117,0,5805,0
nc,mcdowell,37111,4882,0,0
nc,mcdowell,37111,0,0,952
nc,mcdowell,37111,0,13624,0
nc,mecklenburg,37119,275026,0,0
nc,mecklenburg,37119,0,0,17038
nc,mecklenburg,37119,0,171794,0
nc,mitchell,37121,1704,0,0
nc,mitchell,37121,0,0,275
nc,mitchell,37121,0,5897,0
nc,montgomery,37123,4161,0,0
nc,montgomery,37123,0,0,392
nc,montgomery,37123,0,6786,0
nc,moore,37125,15885,0,0
nc,moore,37125,0,0,1544
nc,moore,37125,0,30493,0
nc,nash,37127,22885,0,0
nc,nash,37127,0,0,914
nc,nash,37127,0,23272,0
nc,new hanover,37129,48285,0,0
nc,new hanover,37129,0,0,4952
nc,new hanover,37129,0,55475,0
nc,northampton,37131,6030,0,0
nc,northampton,37131,0,0,147
nc,northampton,37131,0,3487,0
nc,onslow,37133,16680,0,0
nc,onslow,37133,0,0,2838
nc,onslow,37133,0,35432,0
nc,orange,37135,57103,0,0
nc,orange,37135,0,0,2020
nc,orange,37135,0,21639,0
nc,pamlico,37137,2355,0,0
nc,pamlico,37137,0,0,203
nc,pamlico,37137,0,4166,0
nc,pasquotank,37139,8428,0,0
nc,pasquotank,37139,0,0,422
nc,pasquotank,37139,0,7990,0
nc,pender,37141,8834,0,0
nc,pender,37141,0,0,1129
nc,pender,37141,0,16883,0
nc,perquimans,37143,2253,0,0
nc,perquimans,37143,0,0,129
nc,perquimans,37143,0,4123,0
nc,person,37145,7711,0,0
nc,person,37145,0,0,561
nc,person,37145,0,10962,0
nc,pitt,37147,39256,0,0
nc,pitt,37147,0,0,2382
nc,pitt,37147,0,36608,0
nc,polk,37149,3950,0,0
nc,polk,37149,0,0,381
nc,polk,37149,0,6334,0
nc,randolph,37151,13092,0,0
nc,randolph,37151,0,0,2714
nc,randolph,37151,0,47773,0
nc,richmond,37153,8229,0,0
nc,richmond,37153,0,0,689
nc,richmond,37153,0,9557,0
nc,robeson,37155,18431,0,0
nc,robeson,37155,0,0,776
nc,robeson,37155,0,19393,0
nc,rockingham,37157,14026,0,0
nc,rockingham,37157,0,0,1504
nc,rockingham,37157,0,25806,0
nc,rowan,37159,19027,0,0
nc,rowan,37159,0,0,3190
nc,rowan,37159,0,40814,0
nc,rutherford,37161,8174,0,0
nc,rutherford,37161,0,0,1144
nc,rutherford,37161,0,20202,0
nc,sampson,37163,10215,0,0
nc,sampson,37163,0,0,523
nc,sampson,37163,0,14740,0
nc,scotland,37165,7122,0,0
nc,scotland,37165,0,0,284
nc,scotland,37165,0,6074,0
nc,stanly,37167,7172,0,0
nc,stanly,37167,0,0,1544
nc,stanly,37167,0,20658,0
nc,stokes,37169,4753,0,0
nc,stokes,37169,0,0,965
nc,stokes,37169,0,16560,0
nc,surry,37171,7459,0,0
nc,surry,37171,0,0,1149
nc,surry,37171,0,22975,0
nc,swain,37173,2311,0,0
nc,swain,37173,0,0,349
nc,swain,37173,0,3311,0
nc,transylvania,37175,6710,0,0
nc,transylvania,37175,0,0,684
nc,transylvania,37175,0,10148,0
nc,tyrrell,37177,683,0,0
nc,tyrrell,37177,0,0,69
nc,tyrrell,37177,0,933,0
nc,union,37179,31854,0,0
nc,union,37179,0,0,4346
nc,union,37179,0,67420,0
nc,vance,37181,12001,0,0
nc,vance,37181,0,0,341
nc,vance,37181,0,7325,0
nc,wake,37183,286253,0,0
nc,wake,37183,0,0,16142
nc,wake,37183,0,214872,0
nc,warren,37185,6601,0,0
nc,warren,37185,0,0,183
nc,warren,37185,0,3347,0
nc,washington,37187,3372,0,0
nc,washington,37187,0,0,154
nc,washington,37187,0,2531,0
nc,watauga,37189,13651,0,0
nc,watauga,37189,0,0,1388
nc,watauga,37189,0,14071,0
nc,wayne,37191,21044,0,0
nc,wayne,37191,0,0,1274
nc,wayne,37191,0,27342,0
nc,wilkes,37193,6705,0,0
nc,wilkes,37193,0,0,1308
nc,wilkes,37193,0,22716,0
nc,wilson,37195,19300,0,0
nc,wilson,37195,0,0,783
nc,wilson,37195,0,17519,0
nc,yadkin,37197,3139,0,0
nc,yadkin,37197,0,0,665
nc,yadkin,37197,0,13641,0
nc,yancey,37199,3553,0,0
nc,yancey,37199,0,0,369
nc,yancey,37199,0,5937,0
nh,belknap,33001,14743,0,0
nh,belknap,66002,0,0,1303
nh,belknap,33001,0,18710,0
nh,carroll,33003,13431,0,0
nh,carroll,66006,0,0,1063
nh,carroll,33003,0,14838,0
nh,cheshire,33005,22809,0,0
nh,cheshire,66010,0,0,1902
nh,cheshire,33005,0,16831,0
nh,coos,33007,7335,0,0
nh,coos,66014,0,0,596
nh,coos,33007,0,7537,0
nh,grafton,33009,28131,0,0
nh,grafton,66018,0,0,1989
nh,grafton,33009,0,20689,0
nh,hillsborough,33011,98496,0,0
nh,hillsborough,66022,0,0,9027
nh,hillsborough,33011,0,104998,0
nh,merrimack,33013,41273,0,0
nh,merrimack,66026,0,0,2967
nh,merrimack,33013,0,38497,0
nh,rockingham,33015,81343,0,0
nh,rockingham,66030,0,0,7817
nh,rockingham,33015,0,91361,0
nh,strafford,33017,36013,0,0
nh,strafford,66034,0,0,2949
nh,strafford,33017,0,29415,0
nh,sullivan,33019,10694,0,0
nh,sullivan,66038,0,0,1077
nh,sullivan,33019,0,10649,0
nv,carson city,32510,9741,0,0
nv,carson city,162550,0,0,2058
nv,carson city,32510,0,13027,0
nv,churchill,32001,2240,0,0
nv,churchill,160005,0,0,943
nv,churchill,32001,0,7709,0
nv,clark,32003,385165,0,0
nv,clark,160015,0,0,63132
nv,clark,32003,0,303316,0
nv,douglas,32005,8407,0,0
nv,douglas,160025,0,0,1653
nv,douglas,32005,0,17576,0
nv,elko,32007,3196,0,0
nv,elko,160035,0,0,1705
nv,elko,32007,0,13452,0
nv,esmeralda,32009,66,0,0
nv,esmeralda,160045,0,0,NA
nv,esmeralda,32009,0,312,0
nv,eureka,32011,88,0,0
nv,eureka,160055,0,0,69
nv,eureka,32011,0,692,0
nv,humboldt,32013,1406,0,0
nv,humboldt,160065,0,0,581
nv,humboldt,32013,0,4397,0
nv,lander,32015,417,0,0
nv,lander,160075,0,0,272
nv,lander,32015,0,1704,0
nv,lincoln,32017,315,0,0
nv,lincoln,160085,0,0,197
nv,lincoln,32017,0,1609,0
nv,lyon,32019,6323,0,0
nv,lyon,160095,0,0,2024
nv,lyon,32019,0,15231,0
nv,mineral,32021,627,0,0
nv,mineral,160105,0,0,220
nv,mineral,32021,0,1141,0
nv,nye,32023,5253,0,0
nv,nye,160115,0,0,2496
nv,nye,32023,0,11607,0
nv,pershing,32027,466,0,0
nv,pershing,160135,0,0,220
nv,pershing,32027,0,1286,0
nv,storey,32029,791,0,0
nv,storey,160145,0,0,201
nv,storey,32029,0,1551,0
nv,washoe,32031,95434,0,0
nv,washoe,160155,0,0,14687
nv,washoe,32031,0,97226,0
nv,white pine,32033,723,0,0
nv,white pine,160165,0,0,435
nv,white pine,32033,0,2591,0
pa,adams,42001,14494,0,0
pa,adams,42001,0,0,2403
pa,adams,42001,0,30349,0
pa,allegheny,42003,353766,0,0
pa,allegheny,42003,0,0,28018
pa,allegheny,42003,0,259515,0
pa,armstrong,42005,8026,0,0
pa,armstrong,42005,0,0,2161
pa,armstrong,42005,0,20083,0
pa,beaver,42007,32061,0,0
pa,beaver,42007,0,0,4816
pa,beaver,42007,0,42046,0
pa,bedford,42009,4323,0,0
pa,bedford,42009,0,0,1335
pa,bedford,42009,0,17646,0
pa,berks,42011,74083,0,0
pa,berks,42011,0,0,6622
pa,berks,42011,0,91935,0
pa,blair,42013,14248,0,0
pa,blair,42013,0,0,3029
pa,blair,42013,0,34727,0
pa,bradford,42015,6910,0,0
pa,bradford,42015,0,0,1981
pa,bradford,42015,0,16415,0
pa,bucks,42017,156989,0,0
pa,bucks,42017,0,0,5846
pa,bucks,42017,0,175719,0
pa,butler,42019,27120,0,0
pa,butler,42019,0,0,5252
pa,butler,42019,0,59387,0
pa,cambria,42021,20811,0,0
pa,cambria,42021,0,0,3773
pa,cambria,42021,0,35296,0
pa,cameron,42023,528,0,0
pa,cameron,42023,0,0,164
pa,cameron,42023,0,1301,0
pa,carbon,42025,10084,0,0
pa,carbon,42025,0,0,1770
pa,carbon,42025,0,16350,0
pa,centre,42027,35061,0,0
pa,centre,42027,0,0,4348
pa,centre,42027,0,36357,0
pa,chester,42029,126588,0,0
pa,chester,42029,0,0,9568
pa,chester,42029,0,133277,0
pa,clarion,42031,4915,0,0
pa,clarion,42031,0,0,1200
pa,clarion,42031,0,11279,0
pa,clearfield,42033,8962,0,0
pa,clearfield,42033,0,0,2356
pa,clearfield,42033,0,21176,0
pa,clinton,42035,5293,0,0
pa,clinton,42035,0,0,915
pa,clinton,42035,0,8434,0
pa,columbia,42037,9358,0,0
pa,columbia,42037,0,0,1927
pa,columbia,42037,0,15722,0
pa,crawford,42039,10386,0,0
pa,crawford,42039,0,0,1651
pa,crawford,42039,0,23287,0
pa,cumberland,42041,42482,0,0
pa,cumberland,42041,0,0,5316
pa,cumberland,42041,0,67941,0
pa,dauphin,42043,62171,0,0
pa,dauphin,42043,0,0,2350
pa,dauphin,42043,0,63469,0
pa,delaware,42045,0,0,0
pa,delaware,NA,156434,0,0
pa,delaware,NA,0,0,3694
pa,delaware,NA,0,121363,0
pa,elk,42047,4307,0,0
pa,elk,42047,0,0,1069
pa,elk,42047,0,8402,0
pa,erie,42049,54047,0,0
pa,erie,42049,0,0,4754
pa,erie,42049,0,57756,0
pa,fayette,42051,20458,0,0
pa,fayette,42051,0,0,2944
pa,fayette,42051,0,29561,0
pa,forest,42053,708,0,0
pa,forest,42053,0,0,177
pa,forest,42053,0,1499,0
pa,franklin,42055,17738,0,0
pa,franklin,42055,0,0,3297
pa,franklin,42055,0,48520,0
pa,fulton,42057,1019,0,0
pa,fulton,42057,0,0,249
pa,fulton,42057,0,5438,0
pa,greene,42059,5334,0,0
pa,greene,42059,0,0,862
pa,greene,42059,0,8431,0
pa,huntingdon,42061,5063,0,0
pa,huntingdon,42061,0,0,1393
pa,huntingdon,42061,0,12984,0
pa,indiana,42063,12552,0,0
pa,indiana,42063,0,0,2947
pa,indiana,42063,0,22189,0
pa,jefferson,42065,3942,0,0
pa,jefferson,42065,0,0,1403
pa,jefferson,42065,0,13117,0
pa,juniata,42067,2146,0,0
pa,juniata,42067,0,0,610
pa,juniata,42067,0,7636,0
pa,lackawanna,42069,53708,0,0
pa,lackawanna,42069,0,0,7427
pa,lackawanna,42069,0,40350,0
pa,lancaster,42071,89167,0,0
pa,lancaster,42071,0,0,9862
pa,lancaster,42071,0,142152,0
pa,lawrence,42073,15250,0,0
pa,lawrence,42073,0,0,2311
pa,lawrence,42073,0,22610,0
pa,lebanon,42075,18122,0,0
pa,lebanon,42075,0,0,2934
pa,lebanon,42075,0,37666,0
pa,lehigh,42077,73584,0,0
pa,lehigh,42077,0,0,6382
pa,lehigh,42077,0,72444,0
pa,luzerne,42079,0,0,0
pa,luzerne,NA,55575,0,0
pa,luzerne,NA,0,0,8526
pa,luzerne,NA,0,65654,0
pa,lycoming,42081,14128,0,0
pa,lycoming,42081,0,0,3354
pa,lycoming,42081,0,32886,0
pa,mckean,42083,3795,0,0
pa,mckean,42083,0,0,589
pa,mckean,42083,0,11047,0
pa,mercer,42085,18193,0,0
pa,mercer,42085,0,0,1958
pa,mercer,42085,0,29036,0
pa,mifflin,42087,4016,0,0
pa,mifflin,42087,0,0,1091
pa,mifflin,42087,0,13045,0
pa,monroe,42089,32455,0,0
pa,monroe,42089,0,0,1615
pa,monroe,42089,0,29152,0
pa,montgomery,42091,232836,0,0
pa,montgomery,42091,0,0,5361
pa,montgomery,42091,0,186954,0
pa,montour,42093,2896,0,0
pa,montour,42093,0,0,586
pa,montour,42093,0,5059,0
pa,northampton,42095,63977,0,0
pa,northampton,42095,0,0,3535
pa,northampton,42095,0,71889,0
pa,northumberland,42097,10516,0,0
pa,northumberland,42097,0,0,2501
pa,northumberland,42097,0,21404,0
pa,perry,42099,4960,0,0
pa,perry,42099,0,0,1231
pa,perry,42099,0,14896,0
pa,philadelphia,42101,0,0,0
pa,philadelphia,NA,539041,0,0
pa,philadelphia,NA,0,0,7560
pa,philadelphia,NA,0,113032,0
pa,pike,42103,9336,0,0
pa,pike,42103,0,0,1112
pa,pike,42103,0,15167,0
pa,potter,42105,1386,0,0
pa,potter,42105,0,0,323
pa,potter,42105,0,5983,0
pa,schuylkill,42107,19531,0,0
pa,schuylkill,42107,0,0,4831
pa,schuylkill,42107,0,37747,0
pa,snyder,42109,4296,0,0
pa,snyder,42109,0,0,1115
pa,snyder,42109,0,10866,0
pa,somerset,42111,8331,0,0
pa,somerset,42111,0,0,1919
pa,somerset,42111,0,25440,0
pa,sullivan,42113,873,0,0
pa,sullivan,42113,0,0,194
pa,sullivan,42113,0,2049,0
pa,susquehanna,42115,5494,0,0
pa,susquehanna,42115,0,0,1706
pa,susquehanna,42115,0,11946,0
pa,tioga,42117,3767,0,0
pa,tioga,42117,0,0,730
pa,tioga,42117,0,12699,0
pa,union,42119,6081,0,0
pa,union,42119,0,0,839
pa,union,42119,0,10558,0
pa,venango,42121,6574,0,0
pa,venango,42121,0,0,1554
pa,venango,42121,0,13861,0
pa,warren,42123,4842,0,0
pa,warren,42123,0,0,930
pa,warren,42123,0,11659,0
pa,washington,42125,36239,0,0
pa,washington,42125,0,0,5643
pa,washington,42125,0,54450,0
pa,wayne,42127,6899,0,0
pa,wayne,42127,0,0,1706
pa,wayne,42127,0,13646,0
pa,westmoreland,42129,62965,0,0
pa,westmoreland,42129,0,0,9753
pa,westmoreland,42129,0,107517,0
pa,wyoming,42131,3910,0,0
pa,wyoming,42131,0,0,1021
pa,wyoming,42131,0,7407,0
pa,york,42133,68518,0,0
pa,york,42133,0,0,10163
pa,york,42133,0,124955,0
wi,adams,55001,4093,0,0
wi,adams,55001,0,0,486
wi,adams,55001,0,5346,0
wi,ashland,55003,4349,0,0
wi,ashland,55003,0,0,214
wi,ashland,55003,0,3337,0
wi,barron,55005,8691,0,0
wi,barron,55005,0,0,853
wi,barron,55005,0,12863,0
wi,bayfield,55007,5161,0,0
wi,bayfield,55007,0,0,263
wi,bayfield,55007,0,4022,0
wi,brown,55009,51004,0,0
wi,brown,55009,0,0,4615
wi,brown,55009,0,71750,0
wi,buffalo,55011,2746,0,0
wi,buffalo,55011,0,0,285
wi,buffalo,55011,0,3850,0
wi,burnett,55013,3143,0,0
wi,burnett,55013,0,0,258
wi,burnett,55013,0,4998,0
wi,calumet,55015,9185,0,0
wi,calumet,55015,0,0,937
wi,calumet,55015,0,16482,0
wi,chippewa,55017,12659,0,0
wi,chippewa,55017,0,0,1286
wi,chippewa,55017,0,17338,0
wi,clark,55019,4777,0,0
wi,clark,55019,0,0,652
wi,clark,55019,0,8151,0
wi,columbia,55021,15056,0,0
wi,columbia,55021,0,0,838
wi,columbia,55021,0,13557,0
wi,crawford,55023,3708,0,0
wi,crawford,55023,0,0,264
wi,crawford,55023,0,3671,0
wi,dane,55025,220326,0,0
wi,dane,55025,0,0,5774
wi,dane,55025,0,80662,0
wi,dodge,55027,14760,0,0
wi,dodge,55027,0,0,1328
wi,dodge,55027,0,27077,0
wi,door,55029,7671,0,0
wi,door,55029,0,0,582
wi,door,55029,0,9295,0
wi,douglas,55031,11891,0,0
wi,douglas,55031,0,0,767
wi,douglas,55031,0,9361,0
wi,dunn,55033,9490,0,0
wi,dunn,55033,0,0,896
wi,dunn,55033,0,11424,0
wi,eau claire,55035,27505,0,0
wi,eau claire,55035,0,0,1938
wi,eau claire,55035,0,24641,0
wi,florence,55037,759,0,0
wi,florence,55037,0,0,85
wi,florence,55037,0,1770,0
wi,fond du lac,55039,17131,0,0
wi,fond du lac,55039,0,0,1734
wi,fond du lac,55039,0,32464,0
wi,forest,55041,1649,0,0
wi,forest,55041,0,0,199
wi,forest,55041,0,2590,0
wi,grant,55043,10927,0,0
wi,grant,55043,0,0,801
wi,grant,55043,0,12196,0
wi,green,55045,10206,0,0
wi,green,55045,0,0,528
wi,green,55045,0,8106,0
wi,green lake,55047,2773,0,0
wi,green lake,55047,0,0,329
wi,green lake,55047,0,6215,0
wi,iowa,55049,7141,0,0
wi,iowa,55049,0,0,294
wi,iowa,55049,0,4679,0
wi,iron,55051,1366,0,0
wi,iron,55051,0,0,84
wi,iron,55051,0,1949,0
wi,jackson,55053,4087,0,0
wi,jackson,55053,0,0,439
wi,jackson,55053,0,4602,0
wi,jefferson,55055,17147,0,0
wi,jefferson,55055,0,0,1258
wi,jefferson,55055,0,23901,0
wi,juneau,55057,4697,0,0
wi,juneau,55057,0,0,404
wi,juneau,55057,0,6433,0
wi,kenosha,55059,35669,0,0
wi,kenosha,55059,0,0,2621
wi,kenosha,55059,0,37540,0
wi,kewaunee,55061,3697,0,0
wi,kewaunee,55061,0,0,388
wi,kewaunee,55061,0,6678,0
wi,la crosse,55063,32899,0,0
wi,la crosse,55063,0,0,2100
wi,la crosse,55063,0,27688,0
wi,lafayette,55065,3757,0,0
wi,lafayette,55065,0,0,178
wi,lafayette,55065,0,3659,0
wi,langlade,55067,3463,0,0
wi,langlade,55067,0,0,415
wi,langlade,55067,0,6007,0
wi,lincoln,55069,5785,0,0
wi,lincoln,55069,0,0,743
wi,lincoln,55069,0,8031,0
wi,manitowoc,55071,14352,0,0
wi,manitowoc,55071,0,0,1738
wi,manitowoc,55071,0,23814,0
wi,marathon,55073,27812,0,0
wi,marathon,55073,0,0,2518
wi,marathon,55073,0,38567,0
wi,marinette,55075,6502,0,0
wi,marinette,55075,0,0,765
wi,marinette,55075,0,12597,0
wi,marquette,55077,3190,0,0
wi,marquette,55077,0,0,253
wi,marquette,55077,0,4354,0
wi,menominee,55078,844,0,0
wi,menominee,55078,0,0,84
wi,menominee,55078,0,303,0
wi,milwaukee,55079,276751,0,0
wi,milwaukee,55079,0,0,9883
wi,milwaukee,55079,0,147929,0
wi,monroe,55081,7673,0,0
wi,monroe,55081,0,0,944
wi,monroe,55081,0,10798,0
wi,oconto,55083,6053,0,0
wi,oconto,55083,0,0,745
wi,oconto,55083,0,13035,0
wi,oneida,55085,8291,0,0
wi,oneida,55085,0,0,926
wi,oneida,55085,0,12047,0
wi,outagamie,55087,37101,0,0
wi,outagamie,55087,0,0,3257
wi,outagamie,55087,0,53336,0
wi,ozaukee,55089,18158,0,0
wi,ozaukee,55089,0,0,1031
wi,ozaukee,55089,0,35457,0
wi,pepin,55091,1491,0,0
wi,pepin,55091,0,0,111
wi,pepin,55091,0,2097,0
wi,pierce,55093,8345,0,0
wi,pierce,55093,0,0,806
wi,pierce,55093,0,11420,0
wi,polk,55095,8132,0,0
wi,polk,55095,0,0,749
wi,polk,55095,0,13585,0
wi,portage,55097,18983,0,0
wi,portage,55097,0,0,1397
wi,portage,55097,0,17546,0
wi,price,55099,2955,0,0
wi,price,55099,0,0,324
wi,price,55099,0,4282,0
wi,racine,55101,41600,0,0
wi,racine,55101,0,0,2485
wi,racine,55101,0,49680,0
wi,richland,55103,3905,0,0
wi,richland,55103,0,0,236
wi,richland,55103,0,3835,0
wi,rock,55105,42428,0,0
wi,rock,55105,0,0,2388
wi,rock,55105,0,30485,0
wi,rusk,55107,2443,0,0
wi,rusk,55107,0,0,320
wi,rusk,55107,0,4229,0
wi,sauk,55111,17864,0,0
wi,sauk,55111,0,0,1026
wi,sauk,55111,0,15139,0
wi,sawyer,55113,2885,0,0
wi,sawyer,55113,0,0,212
wi,sawyer,55113,0,4581,0
wi,shawano,55115,6104,0,0
wi,shawano,55115,0,0,750
wi,shawano,55115,0,12594,0
wi,sheboygan,55117,22123,0,0
wi,sheboygan,55117,0,0,1864
wi,sheboygan,55117,0,34875,0
wi,st croix,55109,17725,0,0
wi,st croix,55109,0,0,1563
wi,st croix,55109,0,27411,0
wi,taylor,55119,2827,0,0
wi,taylor,55119,0,0,384
wi,taylor,55119,0,6177,0
wi,trempealeau,55121,5962,0,0
wi,trempealeau,55121,0,0,479
wi,trempealeau,55121,0,7083,0
wi,vernon,55123,6886,0,0
wi,vernon,55123,0,0,522
wi,vernon,55123,0,6710,0
wi,vilas,55125,4819,0,0
wi,vilas,55125,0,0,420
wi,vilas,55125,0,8247,0
wi,walworth,55127,18358,0,0
wi,walworth,55127,0,0,1668
wi,walworth,55127,0,30784,0
wi,washburn,55129,3407,0,0
wi,washburn,55129,0,0,268
wi,washburn,55129,0,5243,0
wi,washington,55131,19830,0,0
wi,washington,55131,0,0,1619
wi,washington,55131,0,55961,0
wi,waukesha,55133,71778,0,0
wi,waukesha,55133,0,0,4424
wi,waukesha,55133,0,161347,0
wi,waupaca,55135,8451,0,0
wi,waupaca,55135,0,0,986
wi,waupaca,55135,0,16035,0
wi,waushara,55137,3839,0,0
wi,waushara,55137,0,0,481
wi,waushara,55137,0,7579,0
wi,winnebago,55139,36077,0,0
wi,winnebago,55139,0,0,3288
wi,winnebago,55139,0,46842,0
wi,wood,55141,15184,0,0
wi,wood,55141,0,0,1541
wi,wood,55141,0,20925,0
