"abbr_state","county","candidate","votes","percent_won","percent_complete","fips"
"il","adams","democrat",NA,NA,0,17001
"il","adams","other",NA,NA,0,34002
"il","adams","republican",NA,NA,0,17001
"il","alexander","democrat",NA,NA,0,17003
"il","alexander","other",NA,NA,0,34006
"il","alexander","republican",NA,NA,0,17003
"il","bond","democrat",NA,NA,0,17005
"il","bond","other",NA,NA,0,34010
"il","bond","republican",NA,NA,0,17005
"il","boone","democrat",NA,NA,0,17007
"il","boone","other",NA,NA,0,34014
"il","boone","republican",NA,NA,0,17007
"il","brown","democrat",NA,NA,0,17009
"il","brown","other",NA,NA,0,34018
"il","brown","republican",NA,NA,0,17009
"il","bureau","democrat",NA,NA,0,17011
"il","bureau","other",NA,NA,0,34022
"il","bureau","republican",NA,NA,0,17011
"il","calhoun","democrat",NA,NA,0,17013
"il","calhoun","other",NA,NA,0,34026
"il","calhoun","republican",NA,NA,0,17013
"il","carroll","democrat",NA,NA,0,17015
"il","carroll","other",NA,NA,0,34030
"il","carroll","republican",NA,NA,0,17015
"il","cass","democrat",NA,NA,0,17017
"il","cass","other",NA,NA,0,34034
"il","cass","republican",NA,NA,0,17017
"il","champaign","democrat",NA,NA,0,17019
"il","champaign","other",NA,NA,0,34038
"il","champaign","republican",NA,NA,0,17019
"il","christian","democrat",NA,NA,0,17021
"il","christian","other",NA,NA,0,34042
"il","christian","republican",NA,NA,0,17021
"il","clark","democrat",NA,NA,0,17023
"il","clark","other",NA,NA,0,34046
"il","clark","republican",NA,NA,0,17023
"il","clay","democrat",NA,NA,0,17025
"il","clay","other",NA,NA,0,34050
"il","clay","republican",NA,NA,0,17025
"il","clinton","democrat",NA,NA,0,17027
"il","clinton","other",NA,NA,0,34054
"il","clinton","republican",NA,NA,0,17027
"il","coles","democrat",NA,NA,0,17029
"il","coles","other",NA,NA,0,34058
"il","coles","republican",NA,NA,0,17029
"il","cook","democrat",NA,NA,0,17031
"il","cook","other",NA,NA,0,34062
"il","cook","republican",NA,NA,0,17031
"il","crawford","democrat",NA,NA,0,17033
"il","crawford","other",NA,NA,0,34066
"il","crawford","republican",NA,NA,0,17033
"il","cumberland","democrat",NA,NA,0,17035
"il","cumberland","other",NA,NA,0,34070
"il","cumberland","republican",NA,NA,0,17035
"il","de witt","democrat",NA,NA,0,17039
"il","de witt","other",NA,NA,0,34078
"il","de witt","republican",NA,NA,0,17039
"il","dekalb","democrat",NA,NA,0,17037
"il","dekalb","other",NA,NA,0,34074
"il","dekalb","republican",NA,NA,0,17037
"il","douglas","democrat",NA,NA,0,17041
"il","douglas","other",NA,NA,0,34082
"il","douglas","republican",NA,NA,0,17041
"il","dupage","democrat",NA,NA,0,17043
"il","dupage","other",NA,NA,0,34086
"il","dupage","republican",NA,NA,0,17043
"il","edgar","democrat",NA,NA,0,17045
"il","edgar","other",NA,NA,0,34090
"il","edgar","republican",NA,NA,0,17045
"il","edwards","democrat",NA,NA,0,17047
"il","edwards","other",NA,NA,0,34094
"il","edwards","republican",NA,NA,0,17047
"il","effingham","democrat",NA,NA,0,17049
"il","effingham","other",NA,NA,0,34098
"il","effingham","republican",NA,NA,0,17049
"il","fayette","democrat",NA,NA,0,17051
"il","fayette","other",NA,NA,0,34102
"il","fayette","republican",NA,NA,0,17051
"il","ford","democrat",NA,NA,0,17053
"il","ford","other",NA,NA,0,34106
"il","ford","republican",NA,NA,0,17053
"il","franklin","democrat",NA,NA,0,17055
"il","franklin","other",NA,NA,0,34110
"il","franklin","republican",NA,NA,0,17055
"il","fulton","democrat",NA,NA,0,17057
"il","fulton","other",NA,NA,0,34114
"il","fulton","republican",NA,NA,0,17057
"il","gallatin","democrat",NA,NA,0,17059
"il","gallatin","other",NA,NA,0,34118
"il","gallatin","republican",NA,NA,0,17059
"il","greene","democrat",NA,NA,0,17061
"il","greene","other",NA,NA,0,34122
"il","greene","republican",NA,NA,0,17061
"il","grundy","democrat",NA,NA,0,17063
"il","grundy","other",NA,NA,0,34126
"il","grundy","republican",NA,NA,0,17063
"il","hamilton","democrat",NA,NA,0,17065
"il","hamilton","other",NA,NA,0,34130
"il","hamilton","republican",NA,NA,0,17065
"il","hancock","democrat",NA,NA,0,17067
"il","hancock","other",NA,NA,0,34134
"il","hancock","republican",NA,NA,0,17067
"il","hardin","democrat",NA,NA,0,17069
"il","hardin","other",NA,NA,0,34138
"il","hardin","republican",NA,NA,0,17069
"il","henderson","democrat",NA,NA,0,17071
"il","henderson","other",NA,NA,0,34142
"il","henderson","republican",NA,NA,0,17071
"il","henry","democrat",NA,NA,0,17073
"il","henry","other",NA,NA,0,34146
"il","henry","republican",NA,NA,0,17073
"il","iroquois","democrat",NA,NA,0,17075
"il","iroquois","other",NA,NA,0,34150
"il","iroquois","republican",NA,NA,0,17075
"il","jackson","democrat",NA,NA,0,17077
"il","jackson","other",NA,NA,0,34154
"il","jackson","republican",NA,NA,0,17077
"il","jasper","democrat",NA,NA,0,17079
"il","jasper","other",NA,NA,0,34158
"il","jasper","republican",NA,NA,0,17079
"il","jefferson","democrat",NA,NA,0,17081
"il","jefferson","other",NA,NA,0,34162
"il","jefferson","republican",NA,NA,0,17081
"il","jersey","democrat",NA,NA,0,17083
"il","jersey","other",NA,NA,0,34166
"il","jersey","republican",NA,NA,0,17083
"il","jo daviess","democrat",NA,NA,0,17085
"il","jo daviess","other",NA,NA,0,34170
"il","jo daviess","republican",NA,NA,0,17085
"il","johnson","democrat",NA,NA,0,17087
"il","johnson","other",NA,NA,0,34174
"il","johnson","republican",NA,NA,0,17087
"il","kane","democrat",NA,NA,0,17089
"il","kane","other",NA,NA,0,34178
"il","kane","republican",NA,NA,0,17089
"il","kankakee","democrat",NA,NA,0,17091
"il","kankakee","other",NA,NA,0,34182
"il","kankakee","republican",NA,NA,0,17091
"il","kendall","democrat",NA,NA,0,17093
"il","kendall","other",NA,NA,0,34186
"il","kendall","republican",NA,NA,0,17093
"il","knox","democrat",NA,NA,0,17095
"il","knox","other",NA,NA,0,34190
"il","knox","republican",NA,NA,0,17095
"il","la salle","democrat",NA,NA,0,17099
"il","la salle","other",NA,NA,0,34198
"il","la salle","republican",NA,NA,0,17099
"il","lake","democrat",NA,NA,0,17097
"il","lake","other",NA,NA,0,34194
"il","lake","republican",NA,NA,0,17097
"il","lawrence","democrat",NA,NA,0,17101
"il","lawrence","other",NA,NA,0,34202
"il","lawrence","republican",NA,NA,0,17101
"il","lee","democrat",NA,NA,0,17103
"il","lee","other",NA,NA,0,34206
"il","lee","republican",NA,NA,0,17103
"il","livingston","democrat",NA,NA,0,17105
"il","livingston","other",NA,NA,0,34210
"il","livingston","republican",NA,NA,0,17105
"il","logan","democrat",NA,NA,0,17107
"il","logan","other",NA,NA,0,34214
"il","logan","republican",NA,NA,0,17107
"il","macon","democrat",NA,NA,0,17115
"il","macon","other",NA,NA,0,34230
"il","macon","republican",NA,NA,0,17115
"il","macoupin","democrat",NA,NA,0,17117
"il","macoupin","other",NA,NA,0,34234
"il","macoupin","republican",NA,NA,0,17117
"il","madison","democrat",NA,NA,0,17119
"il","madison","other",NA,NA,0,34238
"il","madison","republican",NA,NA,0,17119
"il","marion","democrat",NA,NA,0,17121
"il","marion","other",NA,NA,0,34242
"il","marion","republican",NA,NA,0,17121
"il","marshall","democrat",NA,NA,0,17123
"il","marshall","other",NA,NA,0,34246
"il","marshall","republican",NA,NA,0,17123
"il","mason","democrat",NA,NA,0,17125
"il","mason","other",NA,NA,0,34250
"il","mason","republican",NA,NA,0,17125
"il","massac","democrat",NA,NA,0,17127
"il","massac","other",NA,NA,0,34254
"il","massac","republican",NA,NA,0,17127
"il","mcdonough","democrat",NA,NA,0,17109
"il","mcdonough","other",NA,NA,0,34218
"il","mcdonough","republican",NA,NA,0,17109
"il","mchenry","democrat",NA,NA,0,17111
"il","mchenry","other",NA,NA,0,34222
"il","mchenry","republican",NA,NA,0,17111
"il","mclean","democrat",NA,NA,0,17113
"il","mclean","other",NA,NA,0,34226
"il","mclean","republican",NA,NA,0,17113
"il","menard","democrat",NA,NA,0,17129
"il","menard","other",NA,NA,0,34258
"il","menard","republican",NA,NA,0,17129
"il","mercer","democrat",NA,NA,0,17131
"il","mercer","other",NA,NA,0,34262
"il","mercer","republican",NA,NA,0,17131
"il","monroe","democrat",NA,NA,0,17133
"il","monroe","other",NA,NA,0,34266
"il","monroe","republican",NA,NA,0,17133
"il","montgomery","democrat",NA,NA,0,17135
"il","montgomery","other",NA,NA,0,34270
"il","montgomery","republican",NA,NA,0,17135
"il","morgan","democrat",NA,NA,0,17137
"il","morgan","other",NA,NA,0,34274
"il","morgan","republican",NA,NA,0,17137
"il","moultrie","democrat",NA,NA,0,17139
"il","moultrie","other",NA,NA,0,34278
"il","moultrie","republican",NA,NA,0,17139
"il","ogle","democrat",NA,NA,0,17141
"il","ogle","other",NA,NA,0,34282
"il","ogle","republican",NA,NA,0,17141
"il","peoria","democrat",NA,NA,0,17143
"il","peoria","other",NA,NA,0,34286
"il","peoria","republican",NA,NA,0,17143
"il","perry","democrat",NA,NA,0,17145
"il","perry","other",NA,NA,0,34290
"il","perry","republican",NA,NA,0,17145
"il","piatt","democrat",NA,NA,0,17147
"il","piatt","other",NA,NA,0,34294
"il","piatt","republican",NA,NA,0,17147
"il","pike","democrat",NA,NA,0,17149
"il","pike","other",NA,NA,0,34298
"il","pike","republican",NA,NA,0,17149
"il","pope","democrat",NA,NA,0,17151
"il","pope","other",NA,NA,0,34302
"il","pope","republican",NA,NA,0,17151
"il","pulaski","democrat",NA,NA,0,17153
"il","pulaski","other",NA,NA,0,34306
"il","pulaski","republican",NA,NA,0,17153
"il","putnam","democrat",NA,NA,0,17155
"il","putnam","other",NA,NA,0,34310
"il","putnam","republican",NA,NA,0,17155
"il","randolph","democrat",NA,NA,0,17157
"il","randolph","other",NA,NA,0,34314
"il","randolph","republican",NA,NA,0,17157
"il","richland","democrat",NA,NA,0,17159
"il","richland","other",NA,NA,0,34318
"il","richland","republican",NA,NA,0,17159
"il","rock island","democrat",NA,NA,0,17161
"il","rock island","other",NA,NA,0,34322
"il","rock island","republican",NA,NA,0,17161
"il","saline","democrat",NA,NA,0,17165
"il","saline","other",NA,NA,0,34330
"il","saline","republican",NA,NA,0,17165
"il","sangamon","democrat",NA,NA,0,17167
"il","sangamon","other",NA,NA,0,34334
"il","sangamon","republican",NA,NA,0,17167
"il","schuyler","democrat",NA,NA,0,17169
"il","schuyler","other",NA,NA,0,34338
"il","schuyler","republican",NA,NA,0,17169
"il","scott","democrat",NA,NA,0,17171
"il","scott","other",NA,NA,0,34342
"il","scott","republican",NA,NA,0,17171
"il","shelby","democrat",NA,NA,0,17173
"il","shelby","other",NA,NA,0,34346
"il","shelby","republican",NA,NA,0,17173
"il","st. clair","democrat",NA,NA,0,17163
"il","st. clair","other",NA,NA,0,34326
"il","st. clair","republican",NA,NA,0,17163
"il","stark","democrat",NA,NA,0,17175
"il","stark","other",NA,NA,0,34350
"il","stark","republican",NA,NA,0,17175
"il","stephenson","democrat",NA,NA,0,17177
"il","stephenson","other",NA,NA,0,34354
"il","stephenson","republican",NA,NA,0,17177
"il","tazewell","democrat",NA,NA,0,17179
"il","tazewell","other",NA,NA,0,34358
"il","tazewell","republican",NA,NA,0,17179
"il","union","democrat",NA,NA,0,17181
"il","union","other",NA,NA,0,34362
"il","union","republican",NA,NA,0,17181
"il","vermilion","democrat",NA,NA,0,17183
"il","vermilion","other",NA,NA,0,34366
"il","vermilion","republican",NA,NA,0,17183
"il","wabash","democrat",NA,NA,0,17185
"il","wabash","other",NA,NA,0,34370
"il","wabash","republican",NA,NA,0,17185
"il","warren","democrat",NA,NA,0,17187
"il","warren","other",NA,NA,0,34374
"il","warren","republican",NA,NA,0,17187
"il","washington","democrat",NA,NA,0,17189
"il","washington","other",NA,NA,0,34378
"il","washington","republican",NA,NA,0,17189
"il","wayne","democrat",NA,NA,0,17191
"il","wayne","other",NA,NA,0,34382
"il","wayne","republican",NA,NA,0,17191
"il","white","democrat",NA,NA,0,17193
"il","white","other",NA,NA,0,34386
"il","white","republican",NA,NA,0,17193
"il","whiteside","democrat",NA,NA,0,17195
"il","whiteside","other",NA,NA,0,34390
"il","whiteside","republican",NA,NA,0,17195
"il","will","democrat",NA,NA,0,17197
"il","will","other",NA,NA,0,34394
"il","will","republican",NA,NA,0,17197
"il","williamson","democrat",NA,NA,0,17199
"il","williamson","other",NA,NA,0,34398
"il","williamson","republican",NA,NA,0,17199
"il","winnebago","democrat",NA,NA,0,17201
"il","winnebago","other",NA,NA,0,34402
"il","winnebago","republican",NA,NA,0,17201
"il","woodford","democrat",NA,NA,0,17203
"il","woodford","other",NA,NA,0,34406
"il","woodford","republican",NA,NA,0,17203
"in","adams","democrat",2009,33.1,40,18001
"in","adams","other",371,6.1,40,18001
"in","adams","republican",3697,60.8,40,18001
"in","allen","democrat",1616,50,0,18003
"in","allen","other",132,4.1,0,18003
"in","allen","republican",1482,45.9,0,18003
"in","bartholomew",NA,NA,NA,NA,18005
"in","bartholomew.","democrat",6113,38.9,456,NA
"in","bartholomew.","other",699,4.5,456,NA
"in","bartholomew.","republican",8894,56.6,456,NA
"in","benton","democrat",NA,NA,0,18007
"in","benton","other",NA,NA,0,18007
"in","benton","republican",NA,NA,0,18007
"in","blackford","democrat",NA,NA,0,18009
"in","blackford","other",NA,NA,0,18009
"in","blackford","republican",NA,NA,0,18009
"in","boone","democrat",7360,35,66,18011
"in","boone","other",959,4.6,66,18011
"in","boone","republican",12706,60.4,66,18011
"in","brown","democrat",NA,NA,0,18013
"in","brown","other",NA,NA,0,18013
"in","brown","republican",NA,NA,0,18013
"in","carroll","democrat",NA,NA,0,18015
"in","carroll","other",NA,NA,0,18015
"in","carroll","republican",NA,NA,0,18015
"in","cass","democrat",3317,35.4,55,18017
"in","cass","other",609,6.5,55,18017
"in","cass","republican",5444,58.1,55,18017
"in","clark","democrat",NA,NA,0,18019
"in","clark","other",NA,NA,0,18019
"in","clark","republican",NA,NA,0,18019
"in","clay",NA,NA,NA,NA,18021
"in","clay.","democrat",1624,39.3,333,NA
"in","clay.","other",224,5.4,333,NA
"in","clay.","republican",2287,55.3,333,NA
"in","clinton","democrat",NA,NA,0,18023
"in","clinton","other",NA,NA,0,18023
"in","clinton","republican",NA,NA,0,18023
"in","crawford","democrat",NA,NA,0,18025
"in","crawford","other",NA,NA,0,18025
"in","crawford","republican",NA,NA,0,18025
"in","daviess","democrat",NA,NA,0,18027
"in","daviess","other",NA,NA,0,18027
"in","daviess","republican",NA,NA,0,18027
"in","dearborn","democrat",NA,NA,0,18029
"in","dearborn","other",NA,NA,0,18029
"in","dearborn","republican",NA,NA,0,18029
"in","decatur","democrat",NA,NA,0,18031
"in","decatur","other",NA,NA,0,18031
"in","decatur","republican",NA,NA,0,18031
"in","dekalb",NA,NA,NA,NA,18033
"in","dekalb.","democrat",2977,32.1,308,NA
"in","dekalb.","other",705,7.6,308,NA
"in","dekalb.","republican",5600,60.3,308,NA
"in","delaware","democrat",NA,NA,0,18035
"in","delaware","other",NA,NA,0,18035
"in","delaware","republican",NA,NA,0,18035
"in","dubois","democrat",NA,NA,0,18037
"in","dubois","other",NA,NA,0,18037
"in","dubois","republican",NA,NA,0,18037
"in","elkhart","democrat",NA,NA,0,18039
"in","elkhart","other",NA,NA,0,18039
"in","elkhart","republican",NA,NA,0,18039
"in","fayette",NA,NA,NA,NA,18041
"in","fayette.","democrat",2255,37,536,NA
"in","fayette.","other",403,6.6,536,NA
"in","fayette.","republican",3435,56.4,536,NA
"in","floyd","democrat",NA,NA,0,18043
"in","floyd","other",NA,NA,0,18043
"in","floyd","republican",NA,NA,0,18043
"in","fountain","democrat",NA,NA,0,18045
"in","fountain","other",NA,NA,0,18045
"in","fountain","republican",NA,NA,0,18045
"in","franklin","democrat",NA,NA,0,18047
"in","franklin","other",NA,NA,0,18047
"in","franklin","republican",NA,NA,0,18047
"in","fulton","democrat",NA,NA,0,18049
"in","fulton","other",NA,NA,0,18049
"in","fulton","republican",NA,NA,0,18049
"in","gibson","democrat",NA,NA,0,18051
"in","gibson","other",NA,NA,0,18051
"in","gibson","republican",NA,NA,0,18051
"in","grant",NA,NA,NA,NA,18053
"in","grant.","democrat",2678,36.4,95,NA
"in","grant.","other",383,5.2,95,NA
"in","grant.","republican",4302,58.4,95,NA
"in","greene",NA,NA,NA,NA,18055
"in","greene.","democrat",1915,40.5,94,NA
"in","greene.","other",200,4.2,94,NA
"in","greene.","republican",2618,55.3,94,NA
"in","hamilton","democrat",NA,NA,0,18057
"in","hamilton","other",NA,NA,0,18057
"in","hamilton","republican",NA,NA,0,18057
"in","hancock","democrat",NA,NA,0,18059
"in","hancock","other",NA,NA,0,18059
"in","hancock","republican",NA,NA,0,18059
"in","harrison","democrat",NA,NA,0,18061
"in","harrison","other",NA,NA,0,18061
"in","harrison","republican",NA,NA,0,18061
"in","hendricks","democrat",9845,35.5,0,18063
"in","hendricks","other",1230,4.4,0,18063
"in","hendricks","republican",16626,60,0,18063
"in","henry","democrat",NA,NA,0,18065
"in","henry","other",NA,NA,0,18065
"in","henry","republican",NA,NA,0,18065
"in","howard","democrat",NA,NA,0,18067
"in","howard","other",NA,NA,0,18067
"in","howard","republican",NA,NA,0,18067
"in","huntington",NA,NA,NA,NA,18069
"in","huntington.","democrat",2682,31.1,459,NA
"in","huntington.","other",592,6.9,459,NA
"in","huntington.","republican",5362,62.1,459,NA
"in","jackson","democrat",NA,NA,0,18071
"in","jackson","other",NA,NA,0,18071
"in","jackson","republican",NA,NA,0,18071
"in","jasper","democrat",NA,NA,0,18073
"in","jasper","other",NA,NA,0,18073
"in","jasper","republican",NA,NA,0,18073
"in","jay","democrat",1090,37.2,0,18075
"in","jay","other",213,7.3,0,18075
"in","jay","republican",1627,55.5,0,18075
"in","jefferson","democrat",NA,NA,0,18077
"in","jefferson","other",NA,NA,0,18077
"in","jefferson","republican",NA,NA,0,18077
"in","jennings","democrat",NA,NA,0,18079
"in","jennings","other",NA,NA,0,18079
"in","jennings","republican",NA,NA,0,18079
"in","johnson","democrat",NA,NA,0,18081
"in","johnson","other",NA,NA,0,18081
"in","johnson","republican",NA,NA,0,18081
"in","knox","democrat",NA,NA,0,18083
"in","knox","other",NA,NA,0,18083
"in","knox","republican",NA,NA,0,18083
"in","kosciusko",NA,NA,NA,NA,18085
"in","kosciusko.","democrat",2344,26.4,116,NA
"in","kosciusko.","other",473,5.3,116,NA
"in","kosciusko.","republican",6048,68.2,116,NA
"in","lagrange","democrat",NA,NA,0,18087
"in","lagrange","other",NA,NA,0,18087
"in","lagrange","republican",NA,NA,0,18087
"in","lake","democrat",NA,NA,0,18089
"in","lake","other",NA,NA,0,18089
"in","lake","republican",NA,NA,0,18089
"in","laporte","democrat",NA,NA,0,18091
"in","laporte","other",NA,NA,0,18091
"in","laporte","republican",NA,NA,0,18091
"in","lawrence","democrat",2223,32.3,0,18093
"in","lawrence","other",328,4.8,0,18093
"in","lawrence","republican",4328,62.9,0,18093
"in","madison","democrat",NA,NA,0,18095
"in","madison","other",NA,NA,0,18095
"in","madison","republican",NA,NA,0,18095
"in","marion","democrat",NA,NA,0,18097
"in","marion","other",NA,NA,0,18097
"in","marion","republican",NA,NA,0,18097
"in","marshall",NA,NA,NA,NA,18099
"in","marshall.","democrat",434,44,33,NA
"in","marshall.","other",46,4.7,33,NA
"in","marshall.","republican",506,51.3,33,NA
"in","martin","democrat",NA,NA,0,18101
"in","martin","other",NA,NA,0,18101
"in","martin","republican",NA,NA,0,18101
"in","miami",NA,NA,NA,NA,18103
"in","miami.","democrat",2478,28.9,548,NA
"in","miami.","other",574,6.7,548,NA
"in","miami.","republican",5533,64.4,548,NA
"in","monroe",NA,NA,NA,NA,18105
"in","monroe.","democrat",17605,65.8,12,NA
"in","monroe.","other",1194,4.5,12,NA
"in","monroe.","republican",7949,29.7,12,NA
"in","montgomery",NA,NA,NA,NA,18107
"in","montgomery.","democrat",4124,29.4,815,NA
"in","montgomery.","other",906,6.5,815,NA
"in","montgomery.","republican",8991,64.1,815,NA
"in","morgan","democrat",NA,NA,0,18109
"in","morgan","other",NA,NA,0,18109
"in","morgan","republican",NA,NA,0,18109
"in","newton","democrat",NA,NA,0,18111
"in","newton","other",NA,NA,0,18111
"in","newton","republican",NA,NA,0,18111
"in","noble",NA,NA,NA,NA,18113
"in","noble.","democrat",2705,31.5,448,NA
"in","noble.","other",546,6.4,448,NA
"in","noble.","republican",5340,62.2,448,NA
"in","ohio","democrat",NA,NA,0,18115
"in","ohio","other",NA,NA,0,18115
"in","ohio","republican",NA,NA,0,18115
"in","orange",NA,NA,NA,NA,18117
"in","orange.","democrat",177,35.3,45,NA
"in","orange.","other",24,4.8,45,NA
"in","orange.","republican",301,60,45,NA
"in","owen","democrat",NA,NA,0,18119
"in","owen","other",NA,NA,0,18119
"in","owen","republican",NA,NA,0,18119
"in","parke","democrat",NA,NA,0,18121
"in","parke","other",NA,NA,0,18121
"in","parke","republican",NA,NA,0,18121
"in","perry","democrat",NA,NA,0,18123
"in","perry","other",NA,NA,0,18123
"in","perry","republican",NA,NA,0,18123
"in","pike","democrat",NA,NA,0,18125
"in","pike","other",NA,NA,0,18125
"in","pike","republican",NA,NA,0,18125
"in","porter","democrat",NA,NA,0,18127
"in","porter","other",NA,NA,0,18127
"in","porter","republican",NA,NA,0,18127
"in","posey","democrat",NA,NA,0,18129
"in","posey","other",NA,NA,0,18129
"in","posey","republican",NA,NA,0,18129
"in","pulaski",NA,NA,NA,NA,18131
"in","pulaski.","democrat",289,37,67,NA
"in","pulaski.","other",65,8.3,67,NA
"in","pulaski.","republican",427,54.7,67,NA
"in","putnam",NA,NA,NA,NA,18133
"in","putnam.","democrat",297,49.3,32,NA
"in","putnam.","other",30,5,32,NA
"in","putnam.","republican",276,45.8,32,NA
"in","randolph",NA,NA,NA,NA,18135
"in","randolph.","democrat",245,42.2,56,NA
"in","randolph.","other",33,5.7,56,NA
"in","randolph.","republican",303,52.2,56,NA
"in","ripley","democrat",NA,NA,0,18137
"in","ripley","other",NA,NA,0,18137
"in","ripley","republican",NA,NA,0,18137
"in","rush",NA,NA,NA,NA,18139
"in","rush.","democrat",859,34.3,176,NA
"in","rush.","other",138,5.5,176,NA
"in","rush.","republican",1506,60.2,176,NA
"in","scott","democrat",NA,NA,0,18143
"in","scott","other",NA,NA,0,18143
"in","scott","republican",NA,NA,0,18143
"in","shelby","democrat",NA,NA,0,18145
"in","shelby","other",NA,NA,0,18145
"in","shelby","republican",NA,NA,0,18145
"in","spencer","democrat",NA,NA,0,18147
"in","spencer","other",NA,NA,0,18147
"in","spencer","republican",NA,NA,0,18147
"in","st. joseph",NA,NA,NA,NA,18141
"in","st. joseph.","democrat",12232,59.4,229,NA
"in","st. joseph.","other",1535,7.5,229,NA
"in","st. joseph.","republican",6824,33.1,229,NA
"in","starke","democrat",NA,NA,0,18149
"in","starke","other",NA,NA,0,18149
"in","starke","republican",NA,NA,0,18149
"in","steuben","democrat",1411,39,0,18151
"in","steuben","other",185,5.1,0,18151
"in","steuben","republican",2026,55.9,0,18151
"in","sullivan",NA,NA,NA,NA,18153
"in","sullivan.","democrat",3167,47.1,714,NA
"in","sullivan.","other",335,5,714,NA
"in","sullivan.","republican",3216,47.9,714,NA
"in","switzerland","democrat",NA,NA,0,18155
"in","switzerland","other",NA,NA,0,18155
"in","switzerland","republican",NA,NA,0,18155
"in","tippecanoe","democrat",NA,NA,0,18157
"in","tippecanoe","other",NA,NA,0,18157
"in","tippecanoe","republican",NA,NA,0,18157
"in","tipton","democrat",NA,NA,0,18159
"in","tipton","other",NA,NA,0,18159
"in","tipton","republican",NA,NA,0,18159
"in","union","democrat",NA,NA,0,18161
"in","union","other",NA,NA,0,18161
"in","union","republican",NA,NA,0,18161
"in","vanderburgh","democrat",NA,NA,0,18163
"in","vanderburgh","other",NA,NA,0,18163
"in","vanderburgh","republican",NA,NA,0,18163
"in","vermillion","democrat",NA,NA,0,18165
"in","vermillion","other",NA,NA,0,18165
"in","vermillion","republican",NA,NA,0,18165
"in","vigo",NA,NA,NA,NA,18167
"in","vigo.","democrat",11256,53.9,438,NA
"in","vigo.","other",992,4.8,438,NA
"in","vigo.","republican",8633,41.3,438,NA
"in","wabash",NA,NA,NA,NA,18169
"in","wabash.","democrat",1949,34.2,346,NA
"in","wabash.","other",290,5.1,346,NA
"in","wabash.","republican",3452,60.7,346,NA
"in","warren","democrat",NA,NA,0,18171
"in","warren","other",NA,NA,0,18171
"in","warren","republican",NA,NA,0,18171
"in","warrick","democrat",NA,NA,0,18173
"in","warrick","other",NA,NA,0,18173
"in","warrick","republican",NA,NA,0,18173
"in","washington","democrat",NA,NA,0,18175
"in","washington","other",NA,NA,0,18175
"in","washington","republican",NA,NA,0,18175
"in","wayne",NA,NA,NA,NA,18177
"in","wayne.","democrat",6011,37.6,517,NA
"in","wayne.","other",896,5.6,517,NA
"in","wayne.","republican",9096,56.8,517,NA
"in","wells",NA,NA,NA,NA,18179
"in","wells.","democrat",2819,27.5,682,NA
"in","wells.","other",597,5.8,682,NA
"in","wells.","republican",6817,66.6,682,NA
"in","white","democrat",NA,NA,0,18181
"in","white","other",NA,NA,0,18181
"in","white","republican",NA,NA,0,18181
"in","whitley","democrat",1752,33.7,0,18183
"in","whitley","other",358,6.9,0,18183
"in","whitley","republican",3087,59.4,0,18183
"mo","adair","democrat",NA,NA,0,29001
"mo","adair","other",NA,NA,0,87003
"mo","adair","republican",NA,NA,0,29001
"mo","andrew","democrat",NA,NA,0,29003
"mo","andrew","other",NA,NA,0,87009
"mo","andrew","republican",NA,NA,0,29003
"mo","atchison","democrat",NA,NA,0,29005
"mo","atchison","other",NA,NA,0,87015
"mo","atchison","republican",NA,NA,0,29005
"mo","audrain","democrat",NA,NA,0,29007
"mo","audrain","other",NA,NA,0,87021
"mo","audrain","republican",NA,NA,0,29007
"mo","barry","democrat",NA,NA,0,29009
"mo","barry","other",NA,NA,0,87027
"mo","barry","republican",NA,NA,0,29009
"mo","barton","democrat",NA,NA,0,29011
"mo","barton","other",NA,NA,0,87033
"mo","barton","republican",NA,NA,0,29011
"mo","bates","democrat",NA,NA,0,29013
"mo","bates","other",NA,NA,0,87039
"mo","bates","republican",NA,NA,0,29013
"mo","benton","democrat",NA,NA,0,29015
"mo","benton","other",NA,NA,0,87045
"mo","benton","republican",NA,NA,0,29015
"mo","bollinger","democrat",NA,NA,0,29017
"mo","bollinger","other",NA,NA,0,87051
"mo","bollinger","republican",NA,NA,0,29017
"mo","boone","democrat",NA,NA,0,29019
"mo","boone","other",NA,NA,0,87057
"mo","boone","republican",NA,NA,0,29019
"mo","buchanan","democrat",NA,NA,0,29021
"mo","buchanan","other",NA,NA,0,87063
"mo","buchanan","republican",NA,NA,0,29021
"mo","butler","democrat",NA,NA,0,29023
"mo","butler","other",NA,NA,0,87069
"mo","butler","republican",NA,NA,0,29023
"mo","caldwell","democrat",NA,NA,0,29025
"mo","caldwell","other",NA,NA,0,87075
"mo","caldwell","republican",NA,NA,0,29025
"mo","callaway","democrat",NA,NA,0,29027
"mo","callaway","other",NA,NA,0,87081
"mo","callaway","republican",NA,NA,0,29027
"mo","camden","democrat",NA,NA,0,29029
"mo","camden","other",NA,NA,0,87087
"mo","camden","republican",NA,NA,0,29029
"mo","cape girardeau","democrat",NA,NA,0,29031
"mo","cape girardeau","other",NA,NA,0,87093
"mo","cape girardeau","republican",NA,NA,0,29031
"mo","carroll","democrat",NA,NA,0,29033
"mo","carroll","other",NA,NA,0,87099
"mo","carroll","republican",NA,NA,0,29033
"mo","carter","democrat",NA,NA,0,29035
"mo","carter","other",NA,NA,0,87105
"mo","carter","republican",NA,NA,0,29035
"mo","cass","democrat",NA,NA,0,29037
"mo","cass","other",NA,NA,0,87111
"mo","cass","republican",NA,NA,0,29037
"mo","cedar","democrat",NA,NA,0,29039
"mo","cedar","other",NA,NA,0,87117
"mo","cedar","republican",NA,NA,0,29039
"mo","chariton","democrat",NA,NA,0,29041
"mo","chariton","other",NA,NA,0,87123
"mo","chariton","republican",NA,NA,0,29041
"mo","christian","democrat",NA,NA,0,29043
"mo","christian","other",NA,NA,0,87129
"mo","christian","republican",NA,NA,0,29043
"mo","clark","democrat",NA,NA,0,29045
"mo","clark","other",NA,NA,0,87135
"mo","clark","republican",NA,NA,0,29045
"mo","clay","democrat",NA,NA,0,29047
"mo","clay","other",NA,NA,0,87141
"mo","clay","republican",NA,NA,0,29047
"mo","clinton","democrat",NA,NA,0,29049
"mo","clinton","other",NA,NA,0,87147
"mo","clinton","republican",NA,NA,0,29049
"mo","cole","democrat",NA,NA,0,29051
"mo","cole","other",NA,NA,0,87153
"mo","cole","republican",NA,NA,0,29051
"mo","cooper","democrat",NA,NA,0,29053
"mo","cooper","other",NA,NA,0,87159
"mo","cooper","republican",NA,NA,0,29053
"mo","crawford","democrat",NA,NA,0,29055
"mo","crawford","other",NA,NA,0,87165
"mo","crawford","republican",NA,NA,0,29055
"mo","dade","democrat",NA,NA,0,29057
"mo","dade","other",NA,NA,0,87171
"mo","dade","republican",NA,NA,0,29057
"mo","dallas","democrat",NA,NA,0,29059
"mo","dallas","other",NA,NA,0,87177
"mo","dallas","republican",NA,NA,0,29059
"mo","daviess","democrat",NA,NA,0,29061
"mo","daviess","other",NA,NA,0,87183
"mo","daviess","republican",NA,NA,0,29061
"mo","dekalb","democrat",NA,NA,0,29063
"mo","dekalb","other",NA,NA,0,87189
"mo","dekalb","republican",NA,NA,0,29063
"mo","dent","democrat",NA,NA,0,29065
"mo","dent","other",NA,NA,0,87195
"mo","dent","republican",NA,NA,0,29065
"mo","douglas","democrat",NA,NA,0,29067
"mo","douglas","other",NA,NA,0,87201
"mo","douglas","republican",NA,NA,0,29067
"mo","dunklin","democrat",NA,NA,0,29069
"mo","dunklin","other",NA,NA,0,87207
"mo","dunklin","republican",NA,NA,0,29069
"mo","franklin","democrat",NA,NA,0,29071
"mo","franklin","other",NA,NA,0,87213
"mo","franklin","republican",NA,NA,0,29071
"mo","gasconade","democrat",NA,NA,0,29073
"mo","gasconade","other",NA,NA,0,87219
"mo","gasconade","republican",NA,NA,0,29073
"mo","gentry","democrat",NA,NA,0,29075
"mo","gentry","other",NA,NA,0,87225
"mo","gentry","republican",NA,NA,0,29075
"mo","greene","democrat",NA,NA,0,29077
"mo","greene","other",NA,NA,0,87231
"mo","greene","republican",NA,NA,0,29077
"mo","grundy","democrat",NA,NA,0,29079
"mo","grundy","other",NA,NA,0,87237
"mo","grundy","republican",NA,NA,0,29079
"mo","harrison","democrat",NA,NA,0,29081
"mo","harrison","other",NA,NA,0,87243
"mo","harrison","republican",NA,NA,0,29081
"mo","henry","democrat",NA,NA,0,29083
"mo","henry","other",NA,NA,0,87249
"mo","henry","republican",NA,NA,0,29083
"mo","hickory","democrat",NA,NA,0,29085
"mo","hickory","other",NA,NA,0,87255
"mo","hickory","republican",NA,NA,0,29085
"mo","holt","democrat",NA,NA,0,29087
"mo","holt","other",NA,NA,0,87261
"mo","holt","republican",NA,NA,0,29087
"mo","howard","democrat",NA,NA,0,29089
"mo","howard","other",NA,NA,0,87267
"mo","howard","republican",NA,NA,0,29089
"mo","howell","democrat",NA,NA,0,29091
"mo","howell","other",NA,NA,0,87273
"mo","howell","republican",NA,NA,0,29091
"mo","iron","democrat",NA,NA,0,29093
"mo","iron","other",NA,NA,0,87279
"mo","iron","republican",NA,NA,0,29093
"mo","jackson","democrat",NA,NA,0,29095
"mo","jackson","other",NA,NA,0,87285
"mo","jackson","republican",NA,NA,0,29095
"mo","jasper","democrat",NA,NA,0,29097
"mo","jasper","other",NA,NA,0,87291
"mo","jasper","republican",NA,NA,0,29097
"mo","jefferson","democrat",NA,NA,0,29099
"mo","jefferson","other",NA,NA,0,87297
"mo","jefferson","republican",NA,NA,0,29099
"mo","johnson","democrat",NA,NA,0,29101
"mo","johnson","other",NA,NA,0,87303
"mo","johnson","republican",NA,NA,0,29101
"mo","knox","democrat",NA,NA,0,29103
"mo","knox","other",NA,NA,0,87309
"mo","knox","republican",NA,NA,0,29103
"mo","laclede","democrat",NA,NA,0,29105
"mo","laclede","other",NA,NA,0,87315
"mo","laclede","republican",NA,NA,0,29105
"mo","lafayette","democrat",NA,NA,0,29107
"mo","lafayette","other",NA,NA,0,87321
"mo","lafayette","republican",NA,NA,0,29107
"mo","lawrence","democrat",NA,NA,0,29109
"mo","lawrence","other",NA,NA,0,87327
"mo","lawrence","republican",NA,NA,0,29109
"mo","lewis","democrat",NA,NA,0,29111
"mo","lewis","other",NA,NA,0,87333
"mo","lewis","republican",NA,NA,0,29111
"mo","lincoln","democrat",NA,NA,0,29113
"mo","lincoln","other",NA,NA,0,87339
"mo","lincoln","republican",NA,NA,0,29113
"mo","linn","democrat",NA,NA,0,29115
"mo","linn","other",NA,NA,0,87345
"mo","linn","republican",NA,NA,0,29115
"mo","livingston","democrat",NA,NA,0,29117
"mo","livingston","other",NA,NA,0,87351
"mo","livingston","republican",NA,NA,0,29117
"mo","macon","democrat",NA,NA,0,29121
"mo","macon","other",NA,NA,0,87363
"mo","macon","republican",NA,NA,0,29121
"mo","madison","democrat",NA,NA,0,29123
"mo","madison","other",NA,NA,0,87369
"mo","madison","republican",NA,NA,0,29123
"mo","maries","democrat",NA,NA,0,29125
"mo","maries","other",NA,NA,0,87375
"mo","maries","republican",NA,NA,0,29125
"mo","marion","democrat",NA,NA,0,29127
"mo","marion","other",NA,NA,0,87381
"mo","marion","republican",NA,NA,0,29127
"mo","mcdonald","democrat",NA,NA,0,29119
"mo","mcdonald","other",NA,NA,0,87357
"mo","mcdonald","republican",NA,NA,0,29119
"mo","mercer","democrat",NA,NA,0,29129
"mo","mercer","other",NA,NA,0,87387
"mo","mercer","republican",NA,NA,0,29129
"mo","miller","democrat",NA,NA,0,29131
"mo","miller","other",NA,NA,0,87393
"mo","miller","republican",NA,NA,0,29131
"mo","mississippi","democrat",NA,NA,0,29133
"mo","mississippi","other",NA,NA,0,87399
"mo","mississippi","republican",NA,NA,0,29133
"mo","moniteau","democrat",NA,NA,0,29135
"mo","moniteau","other",NA,NA,0,87405
"mo","moniteau","republican",NA,NA,0,29135
"mo","monroe","democrat",NA,NA,0,29137
"mo","monroe","other",NA,NA,0,87411
"mo","monroe","republican",NA,NA,0,29137
"mo","montgomery","democrat",NA,NA,0,29139
"mo","montgomery","other",NA,NA,0,87417
"mo","montgomery","republican",NA,NA,0,29139
"mo","morgan","democrat",NA,NA,0,29141
"mo","morgan","other",NA,NA,0,87423
"mo","morgan","republican",NA,NA,0,29141
"mo","new madrid","democrat",NA,NA,0,29143
"mo","new madrid","other",NA,NA,0,87429
"mo","new madrid","republican",NA,NA,0,29143
"mo","newton","democrat",NA,NA,0,29145
"mo","newton","other",NA,NA,0,87435
"mo","newton","republican",NA,NA,0,29145
"mo","nodaway","democrat",NA,NA,0,29147
"mo","nodaway","other",NA,NA,0,87441
"mo","nodaway","republican",NA,NA,0,29147
"mo","oregon","democrat",NA,NA,0,29149
"mo","oregon","other",NA,NA,0,87447
"mo","oregon","republican",NA,NA,0,29149
"mo","osage","democrat",NA,NA,0,29151
"mo","osage","other",NA,NA,0,87453
"mo","osage","republican",NA,NA,0,29151
"mo","ozark","democrat",NA,NA,0,29153
"mo","ozark","other",NA,NA,0,87459
"mo","ozark","republican",NA,NA,0,29153
"mo","pemiscot","democrat",NA,NA,0,29155
"mo","pemiscot","other",NA,NA,0,87465
"mo","pemiscot","republican",NA,NA,0,29155
"mo","perry","democrat",NA,NA,0,29157
"mo","perry","other",NA,NA,0,87471
"mo","perry","republican",NA,NA,0,29157
"mo","pettis","democrat",NA,NA,0,29159
"mo","pettis","other",NA,NA,0,87477
"mo","pettis","republican",NA,NA,0,29159
"mo","phelps","democrat",NA,NA,0,29161
"mo","phelps","other",NA,NA,0,87483
"mo","phelps","republican",NA,NA,0,29161
"mo","pike","democrat",NA,NA,0,29163
"mo","pike","other",NA,NA,0,87489
"mo","pike","republican",NA,NA,0,29163
"mo","platte","democrat",NA,NA,0,29165
"mo","platte","other",NA,NA,0,87495
"mo","platte","republican",NA,NA,0,29165
"mo","polk","democrat",NA,NA,0,29167
"mo","polk","other",NA,NA,0,87501
"mo","polk","republican",NA,NA,0,29167
"mo","pulaski","democrat",NA,NA,0,29169
"mo","pulaski","other",NA,NA,0,87507
"mo","pulaski","republican",NA,NA,0,29169
"mo","putnam","democrat",NA,NA,0,29171
"mo","putnam","other",NA,NA,0,87513
"mo","putnam","republican",NA,NA,0,29171
"mo","ralls","democrat",NA,NA,0,29173
"mo","ralls","other",NA,NA,0,87519
"mo","ralls","republican",NA,NA,0,29173
"mo","randolph","democrat",NA,NA,0,29175
"mo","randolph","other",NA,NA,0,87525
"mo","randolph","republican",NA,NA,0,29175
"mo","ray","democrat",NA,NA,0,29177
"mo","ray","other",NA,NA,0,87531
"mo","ray","republican",NA,NA,0,29177
"mo","reynolds","democrat",NA,NA,0,29179
"mo","reynolds","other",NA,NA,0,87537
"mo","reynolds","republican",NA,NA,0,29179
"mo","ripley","democrat",NA,NA,0,29181
"mo","ripley","other",NA,NA,0,87543
"mo","ripley","republican",NA,NA,0,29181
"mo","sainte genevieve","democrat",NA,NA,0,29186
"mo","sainte genevieve","other",NA,NA,0,87558
"mo","sainte genevieve","republican",NA,NA,0,29186
"mo","saline","democrat",NA,NA,0,29195
"mo","saline","other",NA,NA,0,87585
"mo","saline","republican",NA,NA,0,29195
"mo","schuyler","democrat",NA,NA,0,29197
"mo","schuyler","other",NA,NA,0,87591
"mo","schuyler","republican",NA,NA,0,29197
"mo","scotland","democrat",NA,NA,0,29199
"mo","scotland","other",NA,NA,0,87597
"mo","scotland","republican",NA,NA,0,29199
"mo","scott","democrat",NA,NA,0,29201
"mo","scott","other",NA,NA,0,87603
"mo","scott","republican",NA,NA,0,29201
"mo","shannon","democrat",NA,NA,0,29203
"mo","shannon","other",NA,NA,0,87609
"mo","shannon","republican",NA,NA,0,29203
"mo","shelby","democrat",NA,NA,0,29205
"mo","shelby","other",NA,NA,0,87615
"mo","shelby","republican",NA,NA,0,29205
"mo","st. charles","democrat",NA,NA,0,29183
"mo","st. charles","other",NA,NA,0,87549
"mo","st. charles","republican",NA,NA,0,29183
"mo","st. clair","democrat",NA,NA,0,29185
"mo","st. clair","other",NA,NA,0,87555
"mo","st. clair","republican",NA,NA,0,29185
"mo","st. francois","democrat",NA,NA,0,29187
"mo","st. francois","other",NA,NA,0,87561
"mo","st. francois","republican",NA,NA,0,29187
"mo","st. louis","democrat",NA,NA,0,29510
"mo","st. louis","other",NA,NA,0,88530
"mo","st. louis","republican",NA,NA,0,29510
"mo","st. louis co.","democrat",NA,NA,0,29189
"mo","st. louis co.","other",NA,NA,0,87567
"mo","st. louis co.","republican",NA,NA,0,29189
"mo","stoddard","democrat",NA,NA,0,29207
"mo","stoddard","other",NA,NA,0,87621
"mo","stoddard","republican",NA,NA,0,29207
"mo","stone","democrat",NA,NA,0,29209
"mo","stone","other",NA,NA,0,87627
"mo","stone","republican",NA,NA,0,29209
"mo","sullivan","democrat",NA,NA,0,29211
"mo","sullivan","other",NA,NA,0,87633
"mo","sullivan","republican",NA,NA,0,29211
"mo","taney","democrat",NA,NA,0,29213
"mo","taney","other",NA,NA,0,87639
"mo","taney","republican",NA,NA,0,29213
"mo","texas","democrat",NA,NA,0,29215
"mo","texas","other",NA,NA,0,87645
"mo","texas","republican",NA,NA,0,29215
"mo","vernon","democrat",NA,NA,0,29217
"mo","vernon","other",NA,NA,0,87651
"mo","vernon","republican",NA,NA,0,29217
"mo","warren","democrat",NA,NA,0,29219
"mo","warren","other",NA,NA,0,87657
"mo","warren","republican",NA,NA,0,29219
"mo","washington","democrat",NA,NA,0,29221
"mo","washington","other",NA,NA,0,87663
"mo","washington","republican",NA,NA,0,29221
"mo","wayne","democrat",NA,NA,0,29223
"mo","wayne","other",NA,NA,0,87669
"mo","wayne","republican",NA,NA,0,29223
"mo","webster","democrat",NA,NA,0,29225
"mo","webster","other",NA,NA,0,87675
"mo","webster","republican",NA,NA,0,29225
"mo","worth","democrat",NA,NA,0,29227
"mo","worth","other",NA,NA,0,87681
"mo","worth","republican",NA,NA,0,29227
"mo","wright","democrat",NA,NA,0,29229
"mo","wright","other",NA,NA,0,87687
"mo","wright","republican",NA,NA,0,29229
"nc","alamance","democrat",NA,NA,0,37001
"nc","alamance","other",NA,NA,0,37001
"nc","alamance","republican",NA,NA,0,37001
"nc","alexander","democrat",NA,NA,0,37003
"nc","alexander","other",NA,NA,0,37003
"nc","alexander","republican",NA,NA,0,37003
"nc","alleghany","democrat",NA,NA,0,37005
"nc","alleghany","other",NA,NA,0,37005
"nc","alleghany","republican",NA,NA,0,37005
"nc","anson","democrat",NA,NA,0,37007
"nc","anson","other",NA,NA,0,37007
"nc","anson","republican",NA,NA,0,37007
"nc","ashe","democrat",NA,NA,0,37009
"nc","ashe","other",NA,NA,0,37009
"nc","ashe","republican",NA,NA,0,37009
"nc","avery","democrat",NA,NA,0,37011
"nc","avery","other",NA,NA,0,37011
"nc","avery","republican",NA,NA,0,37011
"nc","beaufort","democrat",NA,NA,0,37013
"nc","beaufort","other",NA,NA,0,37013
"nc","beaufort","republican",NA,NA,0,37013
"nc","bertie","democrat",NA,NA,0,37015
"nc","bertie","other",NA,NA,0,37015
"nc","bertie","republican",NA,NA,0,37015
"nc","bladen","democrat",NA,NA,0,37017
"nc","bladen","other",NA,NA,0,37017
"nc","bladen","republican",NA,NA,0,37017
"nc","brunswick","democrat",NA,NA,0,37019
"nc","brunswick","other",NA,NA,0,37019
"nc","brunswick","republican",NA,NA,0,37019
"nc","buncombe","democrat",NA,NA,0,37021
"nc","buncombe","other",NA,NA,0,37021
"nc","buncombe","republican",NA,NA,0,37021
"nc","burke","democrat",NA,NA,0,37023
"nc","burke","other",NA,NA,0,37023
"nc","burke","republican",NA,NA,0,37023
"nc","cabarrus","democrat",NA,NA,0,37025
"nc","cabarrus","other",NA,NA,0,37025
"nc","cabarrus","republican",NA,NA,0,37025
"nc","caldwell","democrat",NA,NA,0,37027
"nc","caldwell","other",NA,NA,0,37027
"nc","caldwell","republican",NA,NA,0,37027
"nc","camden","democrat",NA,NA,0,37029
"nc","camden","other",NA,NA,0,37029
"nc","camden","republican",NA,NA,0,37029
"nc","carteret","democrat",NA,NA,0,37031
"nc","carteret","other",NA,NA,0,37031
"nc","carteret","republican",NA,NA,0,37031
"nc","caswell","democrat",NA,NA,0,37033
"nc","caswell","other",NA,NA,0,37033
"nc","caswell","republican",NA,NA,0,37033
"nc","catawba","democrat",NA,NA,0,37035
"nc","catawba","other",NA,NA,0,37035
"nc","catawba","republican",NA,NA,0,37035
"nc","chatham","democrat",NA,NA,0,37037
"nc","chatham","other",NA,NA,0,37037
"nc","chatham","republican",NA,NA,0,37037
"nc","cherokee","democrat",NA,NA,0,37039
"nc","cherokee","other",NA,NA,0,37039
"nc","cherokee","republican",NA,NA,0,37039
"nc","chowan","democrat",NA,NA,0,37041
"nc","chowan","other",NA,NA,0,37041
"nc","chowan","republican",NA,NA,0,37041
"nc","clay","democrat",NA,NA,0,37043
"nc","clay","other",NA,NA,0,37043
"nc","clay","republican",NA,NA,0,37043
"nc","cleveland","democrat",NA,NA,0,37045
"nc","cleveland","other",NA,NA,0,37045
"nc","cleveland","republican",NA,NA,0,37045
"nc","columbus","democrat",NA,NA,0,37047
"nc","columbus","other",NA,NA,0,37047
"nc","columbus","republican",NA,NA,0,37047
"nc","craven","democrat",NA,NA,0,37049
"nc","craven","other",NA,NA,0,37049
"nc","craven","republican",NA,NA,0,37049
"nc","cumberland","democrat",NA,NA,0,37051
"nc","cumberland","other",NA,NA,0,37051
"nc","cumberland","republican",NA,NA,0,37051
"nc","currituck","democrat",NA,NA,0,37053
"nc","currituck","other",NA,NA,0,37053
"nc","currituck","republican",NA,NA,0,37053
"nc","dare","democrat",NA,NA,0,37055
"nc","dare","other",NA,NA,0,37055
"nc","dare","republican",NA,NA,0,37055
"nc","davidson","democrat",NA,NA,0,37057
"nc","davidson","other",NA,NA,0,37057
"nc","davidson","republican",NA,NA,0,37057
"nc","davie","democrat",NA,NA,0,37059
"nc","davie","other",NA,NA,0,37059
"nc","davie","republican",NA,NA,0,37059
"nc","duplin","democrat",NA,NA,0,37061
"nc","duplin","other",NA,NA,0,37061
"nc","duplin","republican",NA,NA,0,37061
"nc","durham","democrat",NA,NA,0,37063
"nc","durham","other",NA,NA,0,37063
"nc","durham","republican",NA,NA,0,37063
"nc","edgecombe","democrat",NA,NA,0,37065
"nc","edgecombe","other",NA,NA,0,37065
"nc","edgecombe","republican",NA,NA,0,37065
"nc","forsyth","democrat",NA,NA,0,37067
"nc","forsyth","other",NA,NA,0,37067
"nc","forsyth","republican",NA,NA,0,37067
"nc","franklin","democrat",NA,NA,0,37069
"nc","franklin","other",NA,NA,0,37069
"nc","franklin","republican",NA,NA,0,37069
"nc","gaston","democrat",NA,NA,0,37071
"nc","gaston","other",NA,NA,0,37071
"nc","gaston","republican",NA,NA,0,37071
"nc","gates","democrat",NA,NA,0,37073
"nc","gates","other",NA,NA,0,37073
"nc","gates","republican",NA,NA,0,37073
"nc","graham","democrat",NA,NA,0,37075
"nc","graham","other",NA,NA,0,37075
"nc","graham","republican",NA,NA,0,37075
"nc","granville","democrat",NA,NA,0,37077
"nc","granville","other",NA,NA,0,37077
"nc","granville","republican",NA,NA,0,37077
"nc","greene","democrat",NA,NA,0,37079
"nc","greene","other",NA,NA,0,37079
"nc","greene","republican",NA,NA,0,37079
"nc","guilford","democrat",NA,NA,0,37081
"nc","guilford","other",NA,NA,0,37081
"nc","guilford","republican",NA,NA,0,37081
"nc","halifax","democrat",NA,NA,0,37083
"nc","halifax","other",NA,NA,0,37083
"nc","halifax","republican",NA,NA,0,37083
"nc","harnett","democrat",NA,NA,0,37085
"nc","harnett","other",NA,NA,0,37085
"nc","harnett","republican",NA,NA,0,37085
"nc","haywood","democrat",NA,NA,0,37087
"nc","haywood","other",NA,NA,0,37087
"nc","haywood","republican",NA,NA,0,37087
"nc","henderson","democrat",NA,NA,0,37089
"nc","henderson","other",NA,NA,0,37089
"nc","henderson","republican",NA,NA,0,37089
"nc","hertford","democrat",NA,NA,0,37091
"nc","hertford","other",NA,NA,0,37091
"nc","hertford","republican",NA,NA,0,37091
"nc","hoke","democrat",NA,NA,0,37093
"nc","hoke","other",NA,NA,0,37093
"nc","hoke","republican",NA,NA,0,37093
"nc","hyde","democrat",NA,NA,0,37095
"nc","hyde","other",NA,NA,0,37095
"nc","hyde","republican",NA,NA,0,37095
"nc","iredell","democrat",NA,NA,0,37097
"nc","iredell","other",NA,NA,0,37097
"nc","iredell","republican",NA,NA,0,37097
"nc","jackson","democrat",NA,NA,0,37099
"nc","jackson","other",NA,NA,0,37099
"nc","jackson","republican",NA,NA,0,37099
"nc","johnston","democrat",NA,NA,0,37101
"nc","johnston","other",NA,NA,0,37101
"nc","johnston","republican",NA,NA,0,37101
"nc","jones","democrat",NA,NA,0,37103
"nc","jones","other",NA,NA,0,37103
"nc","jones","republican",NA,NA,0,37103
"nc","lee","democrat",NA,NA,0,37105
"nc","lee","other",NA,NA,0,37105
"nc","lee","republican",NA,NA,0,37105
"nc","lenoir","democrat",NA,NA,0,37107
"nc","lenoir","other",NA,NA,0,37107
"nc","lenoir","republican",NA,NA,0,37107
"nc","lincoln","democrat",NA,NA,0,37109
"nc","lincoln","other",NA,NA,0,37109
"nc","lincoln","republican",NA,NA,0,37109
"nc","macon","democrat",NA,NA,0,37113
"nc","macon","other",NA,NA,0,37113
"nc","macon","republican",NA,NA,0,37113
"nc","madison","democrat",NA,NA,0,37115
"nc","madison","other",NA,NA,0,37115
"nc","madison","republican",NA,NA,0,37115
"nc","martin","democrat",NA,NA,0,37117
"nc","martin","other",NA,NA,0,37117
"nc","martin","republican",NA,NA,0,37117
"nc","mcdowell","democrat",NA,NA,0,37111
"nc","mcdowell","other",NA,NA,0,37111
"nc","mcdowell","republican",NA,NA,0,37111
"nc","mecklenburg","democrat",NA,NA,0,37119
"nc","mecklenburg","other",NA,NA,0,37119
"nc","mecklenburg","republican",NA,NA,0,37119
"nc","mitchell","democrat",NA,NA,0,37121
"nc","mitchell","other",NA,NA,0,37121
"nc","mitchell","republican",NA,NA,0,37121
"nc","montgomery","democrat",NA,NA,0,37123
"nc","montgomery","other",NA,NA,0,37123
"nc","montgomery","republican",NA,NA,0,37123
"nc","moore","democrat",NA,NA,0,37125
"nc","moore","other",NA,NA,0,37125
"nc","moore","republican",NA,NA,0,37125
"nc","nash","democrat",NA,NA,0,37127
"nc","nash","other",NA,NA,0,37127
"nc","nash","republican",NA,NA,0,37127
"nc","new hanover","democrat",NA,NA,0,37129
"nc","new hanover","other",NA,NA,0,37129
"nc","new hanover","republican",NA,NA,0,37129
"nc","northampton","democrat",NA,NA,0,37131
"nc","northampton","other",NA,NA,0,37131
"nc","northampton","republican",NA,NA,0,37131
"nc","onslow","democrat",NA,NA,0,37133
"nc","onslow","other",NA,NA,0,37133
"nc","onslow","republican",NA,NA,0,37133
"nc","orange","democrat",NA,NA,0,37135
"nc","orange","other",NA,NA,0,37135
"nc","orange","republican",NA,NA,0,37135
"nc","pamlico","democrat",NA,NA,0,37137
"nc","pamlico","other",NA,NA,0,37137
"nc","pamlico","republican",NA,NA,0,37137
"nc","pasquotank","democrat",NA,NA,0,37139
"nc","pasquotank","other",NA,NA,0,37139
"nc","pasquotank","republican",NA,NA,0,37139
"nc","pender","democrat",NA,NA,0,37141
"nc","pender","other",NA,NA,0,37141
"nc","pender","republican",NA,NA,0,37141
"nc","perquimans","democrat",NA,NA,0,37143
"nc","perquimans","other",NA,NA,0,37143
"nc","perquimans","republican",NA,NA,0,37143
"nc","person","democrat",NA,NA,0,37145
"nc","person","other",NA,NA,0,37145
"nc","person","republican",NA,NA,0,37145
"nc","pitt","democrat",NA,NA,0,37147
"nc","pitt","other",NA,NA,0,37147
"nc","pitt","republican",NA,NA,0,37147
"nc","polk","democrat",NA,NA,0,37149
"nc","polk","other",NA,NA,0,37149
"nc","polk","republican",NA,NA,0,37149
"nc","randolph","democrat",NA,NA,0,37151
"nc","randolph","other",NA,NA,0,37151
"nc","randolph","republican",NA,NA,0,37151
"nc","richmond","democrat",NA,NA,0,37153
"nc","richmond","other",NA,NA,0,37153
"nc","richmond","republican",NA,NA,0,37153
"nc","robeson","democrat",NA,NA,0,37155
"nc","robeson","other",NA,NA,0,37155
"nc","robeson","republican",NA,NA,0,37155
"nc","rockingham","democrat",NA,NA,0,37157
"nc","rockingham","other",NA,NA,0,37157
"nc","rockingham","republican",NA,NA,0,37157
"nc","rowan","democrat",NA,NA,0,37159
"nc","rowan","other",NA,NA,0,37159
"nc","rowan","republican",NA,NA,0,37159
"nc","rutherford","democrat",NA,NA,0,37161
"nc","rutherford","other",NA,NA,0,37161
"nc","rutherford","republican",NA,NA,0,37161
"nc","sampson","democrat",NA,NA,0,37163
"nc","sampson","other",NA,NA,0,37163
"nc","sampson","republican",NA,NA,0,37163
"nc","scotland","democrat",NA,NA,0,37165
"nc","scotland","other",NA,NA,0,37165
"nc","scotland","republican",NA,NA,0,37165
"nc","stanly","democrat",NA,NA,0,37167
"nc","stanly","other",NA,NA,0,37167
"nc","stanly","republican",NA,NA,0,37167
"nc","stokes","democrat",NA,NA,0,37169
"nc","stokes","other",NA,NA,0,37169
"nc","stokes","republican",NA,NA,0,37169
"nc","surry","democrat",NA,NA,0,37171
"nc","surry","other",NA,NA,0,37171
"nc","surry","republican",NA,NA,0,37171
"nc","swain","democrat",NA,NA,0,37173
"nc","swain","other",NA,NA,0,37173
"nc","swain","republican",NA,NA,0,37173
"nc","transylvania","democrat",NA,NA,0,37175
"nc","transylvania","other",NA,NA,0,37175
"nc","transylvania","republican",NA,NA,0,37175
"nc","tyrrell","democrat",NA,NA,0,37177
"nc","tyrrell","other",NA,NA,0,37177
"nc","tyrrell","republican",NA,NA,0,37177
"nc","union","democrat",NA,NA,0,37179
"nc","union","other",NA,NA,0,37179
"nc","union","republican",NA,NA,0,37179
"nc","vance","democrat",NA,NA,0,37181
"nc","vance","other",NA,NA,0,37181
"nc","vance","republican",NA,NA,0,37181
"nc","wake","democrat",NA,NA,0,37183
"nc","wake","other",NA,NA,0,37183
"nc","wake","republican",NA,NA,0,37183
"nc","warren","democrat",NA,NA,0,37185
"nc","warren","other",NA,NA,0,37185
"nc","warren","republican",NA,NA,0,37185
"nc","washington","democrat",NA,NA,0,37187
"nc","washington","other",NA,NA,0,37187
"nc","washington","republican",NA,NA,0,37187
"nc","watauga","democrat",NA,NA,0,37189
"nc","watauga","other",NA,NA,0,37189
"nc","watauga","republican",NA,NA,0,37189
"nc","wayne","democrat",NA,NA,0,37191
"nc","wayne","other",NA,NA,0,37191
"nc","wayne","republican",NA,NA,0,37191
"nc","wilkes","democrat",NA,NA,0,37193
"nc","wilkes","other",NA,NA,0,37193
"nc","wilkes","republican",NA,NA,0,37193
"nc","wilson","democrat",NA,NA,0,37195
"nc","wilson","other",NA,NA,0,37195
"nc","wilson","republican",NA,NA,0,37195
"nc","yadkin","democrat",NA,NA,0,37197
"nc","yadkin","other",NA,NA,0,37197
"nc","yadkin","republican",NA,NA,0,37197
"nc","yancey","democrat",NA,NA,0,37199
"nc","yancey","other",NA,NA,0,37199
"nc","yancey","republican",NA,NA,0,37199
"nh","belknap","democrat",NA,NA,0,33001
"nh","belknap","other",NA,NA,0,66002
"nh","belknap","republican",NA,NA,0,33001
"nh","carroll",NA,NA,NA,NA,33003
"nh","carroll.","democrat",21,53.8,56,NA
"nh","carroll.","other",NA,NA,112,NA
"nh","carroll.","republican",17,43.6,56,NA
"nh","cheshire","democrat",NA,NA,0,33005
"nh","cheshire","other",NA,NA,0,66010
"nh","cheshire","republican",NA,NA,0,33005
"nh","coos","democrat",7,24.1,8,33007
"nh","coos","other",NA,NA,16,66014
"nh","coos","republican",20,69,8,33007
"nh","grafton","democrat",NA,NA,0,33009
"nh","grafton","other",NA,NA,0,66018
"nh","grafton","republican",NA,NA,0,33009
"nh","hillsborough","democrat",NA,NA,0,33011
"nh","hillsborough","other",NA,NA,0,66022
"nh","hillsborough","republican",NA,NA,0,33011
"nh","merrimack","democrat",NA,NA,0,33013
"nh","merrimack","other",NA,NA,0,66026
"nh","merrimack","republican",NA,NA,0,33013
"nh","rockingham","democrat",NA,NA,0,33015
"nh","rockingham","other",NA,NA,0,66030
"nh","rockingham","republican",NA,NA,0,33015
"nh","strafford","democrat",NA,NA,0,33017
"nh","strafford","other",NA,NA,0,66034
"nh","strafford","republican",NA,NA,0,33017
"nh","sullivan","democrat",NA,NA,0,33019
"nh","sullivan","other",NA,NA,0,66038
"nh","sullivan","republican",NA,NA,0,33019
"nv","carson city","democrat",NA,NA,0,32510
"nv","carson city","other",NA,NA,0,162550
"nv","carson city","republican",NA,NA,0,32510
"nv","churchill","democrat",NA,NA,0,32001
"nv","churchill","other",NA,NA,0,160005
"nv","churchill","republican",NA,NA,0,32001
"nv","clark","democrat",NA,NA,0,32003
"nv","clark","other",NA,NA,0,160015
"nv","clark","republican",NA,NA,0,32003
"nv","douglas","democrat",NA,NA,0,32005
"nv","douglas","other",NA,NA,0,160025
"nv","douglas","republican",NA,NA,0,32005
"nv","elko","democrat",NA,NA,0,32007
"nv","elko","other",NA,NA,0,160035
"nv","elko","republican",NA,NA,0,32007
"nv","esmeralda","democrat",NA,NA,0,32009
"nv","esmeralda","other",NA,NA,0,160045
"nv","esmeralda","republican",NA,NA,0,32009
"nv","eureka","democrat",NA,NA,0,32011
"nv","eureka","other",NA,NA,0,160055
"nv","eureka","republican",NA,NA,0,32011
"nv","humboldt","democrat",NA,NA,0,32013
"nv","humboldt","other",NA,NA,0,160065
"nv","humboldt","republican",NA,NA,0,32013
"nv","lander","democrat",NA,NA,0,32015
"nv","lander","other",NA,NA,0,160075
"nv","lander","republican",NA,NA,0,32015
"nv","lincoln","democrat",NA,NA,0,32017
"nv","lincoln","other",NA,NA,0,160085
"nv","lincoln","republican",NA,NA,0,32017
"nv","lyon","democrat",NA,NA,0,32019
"nv","lyon","other",NA,NA,0,160095
"nv","lyon","republican",NA,NA,0,32019
"nv","mineral","democrat",NA,NA,0,32021
"nv","mineral","other",NA,NA,0,160105
"nv","mineral","republican",NA,NA,0,32021
"nv","nye","democrat",NA,NA,0,32023
"nv","nye","other",NA,NA,0,160115
"nv","nye","republican",NA,NA,0,32023
"nv","pershing","democrat",NA,NA,0,32027
"nv","pershing","other",NA,NA,0,160135
"nv","pershing","republican",NA,NA,0,32027
"nv","storey","democrat",NA,NA,0,32029
"nv","storey","other",NA,NA,0,160145
"nv","storey","republican",NA,NA,0,32029
"nv","washoe","democrat",NA,NA,0,32031
"nv","washoe","other",NA,NA,0,160155
"nv","washoe","republican",NA,NA,0,32031
"nv","white pine","democrat",NA,NA,0,32033
"nv","white pine","other",NA,NA,0,160165
"nv","white pine","republican",NA,NA,0,32033
"pa","adams","democrat",NA,NA,0,42001
"pa","adams","other",NA,NA,0,42001
"pa","adams","republican",NA,NA,0,42001
"pa","allegheny","democrat",NA,NA,0,42003
"pa","allegheny","other",NA,NA,0,42003
"pa","allegheny","republican",NA,NA,0,42003
"pa","armstrong","democrat",NA,NA,0,42005
"pa","armstrong","other",NA,NA,0,42005
"pa","armstrong","republican",NA,NA,0,42005
"pa","beaver","democrat",NA,NA,0,42007
"pa","beaver","other",NA,NA,0,42007
"pa","beaver","republican",NA,NA,0,42007
"pa","bedford","democrat",NA,NA,0,42009
"pa","bedford","other",NA,NA,0,42009
"pa","bedford","republican",NA,NA,0,42009
"pa","berks","democrat",NA,NA,0,42011
"pa","berks","other",NA,NA,0,42011
"pa","berks","republican",NA,NA,0,42011
"pa","blair","democrat",NA,NA,0,42013
"pa","blair","other",NA,NA,0,42013
"pa","blair","republican",NA,NA,0,42013
"pa","bradford","democrat",NA,NA,0,42015
"pa","bradford","other",NA,NA,0,42015
"pa","bradford","republican",NA,NA,0,42015
"pa","bucks","democrat",NA,NA,0,42017
"pa","bucks","other",NA,NA,0,42017
"pa","bucks","republican",NA,NA,0,42017
"pa","butler","democrat",NA,NA,0,42019
"pa","butler","other",NA,NA,0,42019
"pa","butler","republican",NA,NA,0,42019
"pa","cambria","democrat",NA,NA,0,42021
"pa","cambria","other",NA,NA,0,42021
"pa","cambria","republican",NA,NA,0,42021
"pa","cameron","democrat",NA,NA,0,42023
"pa","cameron","other",NA,NA,0,42023
"pa","cameron","republican",NA,NA,0,42023
"pa","carbon","democrat",NA,NA,0,42025
"pa","carbon","other",NA,NA,0,42025
"pa","carbon","republican",NA,NA,0,42025
"pa","centre","democrat",NA,NA,0,42027
"pa","centre","other",NA,NA,0,42027
"pa","centre","republican",NA,NA,0,42027
"pa","chester","democrat",NA,NA,0,42029
"pa","chester","other",NA,NA,0,42029
"pa","chester","republican",NA,NA,0,42029
"pa","clarion","democrat",NA,NA,0,42031
"pa","clarion","other",NA,NA,0,42031
"pa","clarion","republican",NA,NA,0,42031
"pa","clearfield","democrat",NA,NA,0,42033
"pa","clearfield","other",NA,NA,0,42033
"pa","clearfield","republican",NA,NA,0,42033
"pa","clinton","democrat",NA,NA,0,42035
"pa","clinton","other",NA,NA,0,42035
"pa","clinton","republican",NA,NA,0,42035
"pa","columbia","democrat",NA,NA,0,42037
"pa","columbia","other",NA,NA,0,42037
"pa","columbia","republican",NA,NA,0,42037
"pa","crawford","democrat",NA,NA,0,42039
"pa","crawford","other",NA,NA,0,42039
"pa","crawford","republican",NA,NA,0,42039
"pa","cumberland","democrat",NA,NA,0,42041
"pa","cumberland","other",NA,NA,0,42041
"pa","cumberland","republican",NA,NA,0,42041
"pa","dauphin","democrat",NA,NA,0,42043
"pa","dauphin","other",NA,NA,0,42043
"pa","dauphin","republican",NA,NA,0,42043
"pa","delaware","democrat",NA,NA,0,42045
"pa","delaware","other",NA,NA,0,42045
"pa","delaware","republican",NA,NA,0,42045
"pa","elk","democrat",NA,NA,0,42047
"pa","elk","other",NA,NA,0,42047
"pa","elk","republican",NA,NA,0,42047
"pa","erie","democrat",NA,NA,0,42049
"pa","erie","other",NA,NA,0,42049
"pa","erie","republican",NA,NA,0,42049
"pa","fayette","democrat",NA,NA,0,42051
"pa","fayette","other",NA,NA,0,42051
"pa","fayette","republican",NA,NA,0,42051
"pa","forest","democrat",NA,NA,0,42053
"pa","forest","other",NA,NA,0,42053
"pa","forest","republican",NA,NA,0,42053
"pa","franklin","democrat",NA,NA,0,42055
"pa","franklin","other",NA,NA,0,42055
"pa","franklin","republican",NA,NA,0,42055
"pa","fulton","democrat",NA,NA,0,42057
"pa","fulton","other",NA,NA,0,42057
"pa","fulton","republican",NA,NA,0,42057
"pa","greene","democrat",NA,NA,0,42059
"pa","greene","other",NA,NA,0,42059
"pa","greene","republican",NA,NA,0,42059
"pa","huntingdon","democrat",NA,NA,0,42061
"pa","huntingdon","other",NA,NA,0,42061
"pa","huntingdon","republican",NA,NA,0,42061
"pa","indiana","democrat",NA,NA,0,42063
"pa","indiana","other",NA,NA,0,42063
"pa","indiana","republican",NA,NA,0,42063
"pa","jefferson","democrat",NA,NA,0,42065
"pa","jefferson","other",NA,NA,0,42065
"pa","jefferson","republican",NA,NA,0,42065
"pa","juniata","democrat",NA,NA,0,42067
"pa","juniata","other",NA,NA,0,42067
"pa","juniata","republican",NA,NA,0,42067
"pa","lackawanna","democrat",NA,NA,0,42069
"pa","lackawanna","other",NA,NA,0,42069
"pa","lackawanna","republican",NA,NA,0,42069
"pa","lancaster","democrat",NA,NA,0,42071
"pa","lancaster","other",NA,NA,0,42071
"pa","lancaster","republican",NA,NA,0,42071
"pa","lawrence","democrat",NA,NA,0,42073
"pa","lawrence","other",NA,NA,0,42073
"pa","lawrence","republican",NA,NA,0,42073
"pa","lebanon","democrat",NA,NA,0,42075
"pa","lebanon","other",NA,NA,0,42075
"pa","lebanon","republican",NA,NA,0,42075
"pa","lehigh","democrat",NA,NA,0,42077
"pa","lehigh","other",NA,NA,0,42077
"pa","lehigh","republican",NA,NA,0,42077
"pa","luzerne","democrat",NA,NA,0,42079
"pa","luzerne","other",NA,NA,0,42079
"pa","luzerne","republican",NA,NA,0,42079
"pa","lycoming","democrat",NA,NA,0,42081
"pa","lycoming","other",NA,NA,0,42081
"pa","lycoming","republican",NA,NA,0,42081
"pa","mckean","democrat",NA,NA,0,42083
"pa","mckean","other",NA,NA,0,42083
"pa","mckean","republican",NA,NA,0,42083
"pa","mercer","democrat",NA,NA,0,42085
"pa","mercer","other",NA,NA,0,42085
"pa","mercer","republican",NA,NA,0,42085
"pa","mifflin","democrat",NA,NA,0,42087
"pa","mifflin","other",NA,NA,0,42087
"pa","mifflin","republican",NA,NA,0,42087
"pa","monroe","democrat",NA,NA,0,42089
"pa","monroe","other",NA,NA,0,42089
"pa","monroe","republican",NA,NA,0,42089
"pa","montgomery","democrat",NA,NA,0,42091
"pa","montgomery","other",NA,NA,0,42091
"pa","montgomery","republican",NA,NA,0,42091
"pa","montour","democrat",NA,NA,0,42093
"pa","montour","other",NA,NA,0,42093
"pa","montour","republican",NA,NA,0,42093
"pa","northampton","democrat",NA,NA,0,42095
"pa","northampton","other",NA,NA,0,42095
"pa","northampton","republican",NA,NA,0,42095
"pa","northumberland","democrat",NA,NA,0,42097
"pa","northumberland","other",NA,NA,0,42097
"pa","northumberland","republican",NA,NA,0,42097
"pa","perry","democrat",NA,NA,0,42099
"pa","perry","other",NA,NA,0,42099
"pa","perry","republican",NA,NA,0,42099
"pa","philadelphia","democrat",NA,NA,0,42101
"pa","philadelphia","other",NA,NA,0,42101
"pa","philadelphia","republican",NA,NA,0,42101
"pa","pike","democrat",NA,NA,0,42103
"pa","pike","other",NA,NA,0,42103
"pa","pike","republican",NA,NA,0,42103
"pa","potter","democrat",NA,NA,0,42105
"pa","potter","other",NA,NA,0,42105
"pa","potter","republican",NA,NA,0,42105
"pa","schuylkill","democrat",NA,NA,0,42107
"pa","schuylkill","other",NA,NA,0,42107
"pa","schuylkill","republican",NA,NA,0,42107
"pa","snyder","democrat",NA,NA,0,42109
"pa","snyder","other",NA,NA,0,42109
"pa","snyder","republican",NA,NA,0,42109
"pa","somerset","democrat",NA,NA,0,42111
"pa","somerset","other",NA,NA,0,42111
"pa","somerset","republican",NA,NA,0,42111
"pa","sullivan","democrat",NA,NA,0,42113
"pa","sullivan","other",NA,NA,0,42113
"pa","sullivan","republican",NA,NA,0,42113
"pa","susquehanna","democrat",NA,NA,0,42115
"pa","susquehanna","other",NA,NA,0,42115
"pa","susquehanna","republican",NA,NA,0,42115
"pa","tioga","democrat",NA,NA,0,42117
"pa","tioga","other",NA,NA,0,42117
"pa","tioga","republican",NA,NA,0,42117
"pa","union","democrat",NA,NA,0,42119
"pa","union","other",NA,NA,0,42119
"pa","union","republican",NA,NA,0,42119
"pa","venango","democrat",NA,NA,0,42121
"pa","venango","other",NA,NA,0,42121
"pa","venango","republican",NA,NA,0,42121
"pa","warren","democrat",NA,NA,0,42123
"pa","warren","other",NA,NA,0,42123
"pa","warren","republican",NA,NA,0,42123
"pa","washington","democrat",NA,NA,0,42125
"pa","washington","other",NA,NA,0,42125
"pa","washington","republican",NA,NA,0,42125
"pa","wayne","democrat",NA,NA,0,42127
"pa","wayne","other",NA,NA,0,42127
"pa","wayne","republican",NA,NA,0,42127
"pa","westmoreland","democrat",NA,NA,0,42129
"pa","westmoreland","other",NA,NA,0,42129
"pa","westmoreland","republican",NA,NA,0,42129
"pa","wyoming","democrat",NA,NA,0,42131
"pa","wyoming","other",NA,NA,0,42131
"pa","wyoming","republican",NA,NA,0,42131
"pa","york","democrat",NA,NA,0,42133
"pa","york","other",NA,NA,0,42133
"pa","york","republican",NA,NA,0,42133
"wi","adams","democrat",NA,NA,0,55001
"wi","adams","other",NA,NA,0,55001
"wi","adams","republican",NA,NA,0,55001
"wi","ashland","democrat",NA,NA,0,55003
"wi","ashland","other",NA,NA,0,55003
"wi","ashland","republican",NA,NA,0,55003
"wi","barron","democrat",NA,NA,0,55005
"wi","barron","other",NA,NA,0,55005
"wi","barron","republican",NA,NA,0,55005
"wi","bayfield","democrat",NA,NA,0,55007
"wi","bayfield","other",NA,NA,0,55007
"wi","bayfield","republican",NA,NA,0,55007
"wi","brown","democrat",NA,NA,0,55009
"wi","brown","other",NA,NA,0,55009
"wi","brown","republican",NA,NA,0,55009
"wi","buffalo","democrat",NA,NA,0,55011
"wi","buffalo","other",NA,NA,0,55011
"wi","buffalo","republican",NA,NA,0,55011
"wi","burnett","democrat",NA,NA,0,55013
"wi","burnett","other",NA,NA,0,55013
"wi","burnett","republican",NA,NA,0,55013
"wi","calumet","democrat",NA,NA,0,55015
"wi","calumet","other",NA,NA,0,55015
"wi","calumet","republican",NA,NA,0,55015
"wi","chippewa","democrat",NA,NA,0,55017
"wi","chippewa","other",NA,NA,0,55017
"wi","chippewa","republican",NA,NA,0,55017
"wi","clark","democrat",NA,NA,0,55019
"wi","clark","other",NA,NA,0,55019
"wi","clark","republican",NA,NA,0,55019
"wi","columbia","democrat",NA,NA,0,55021
"wi","columbia","other",NA,NA,0,55021
"wi","columbia","republican",NA,NA,0,55021
"wi","crawford","democrat",NA,NA,0,55023
"wi","crawford","other",NA,NA,0,55023
"wi","crawford","republican",NA,NA,0,55023
"wi","dane","democrat",NA,NA,0,55025
"wi","dane","other",NA,NA,0,55025
"wi","dane","republican",NA,NA,0,55025
"wi","dodge","democrat",NA,NA,0,55027
"wi","dodge","other",NA,NA,0,55027
"wi","dodge","republican",NA,NA,0,55027
"wi","door","democrat",NA,NA,0,55029
"wi","door","other",NA,NA,0,55029
"wi","door","republican",NA,NA,0,55029
"wi","douglas","democrat",NA,NA,0,55031
"wi","douglas","other",NA,NA,0,55031
"wi","douglas","republican",NA,NA,0,55031
"wi","dunn","democrat",NA,NA,0,55033
"wi","dunn","other",NA,NA,0,55033
"wi","dunn","republican",NA,NA,0,55033
"wi","eau claire","democrat",NA,NA,0,55035
"wi","eau claire","other",NA,NA,0,55035
"wi","eau claire","republican",NA,NA,0,55035
"wi","florence","democrat",NA,NA,0,55037
"wi","florence","other",NA,NA,0,55037
"wi","florence","republican",NA,NA,0,55037
"wi","fond du lac","democrat",NA,NA,0,55039
"wi","fond du lac","other",NA,NA,0,55039
"wi","fond du lac","republican",NA,NA,0,55039
"wi","forest","democrat",NA,NA,0,55041
"wi","forest","other",NA,NA,0,55041
"wi","forest","republican",NA,NA,0,55041
"wi","grant","democrat",NA,NA,0,55043
"wi","grant","other",NA,NA,0,55043
"wi","grant","republican",NA,NA,0,55043
"wi","green","democrat",NA,NA,0,55045
"wi","green","other",NA,NA,0,55045
"wi","green","republican",NA,NA,0,55045
"wi","green lake","democrat",NA,NA,0,55047
"wi","green lake","other",NA,NA,0,55047
"wi","green lake","republican",NA,NA,0,55047
"wi","iowa","democrat",NA,NA,0,55049
"wi","iowa","other",NA,NA,0,55049
"wi","iowa","republican",NA,NA,0,55049
"wi","iron","democrat",NA,NA,0,55051
"wi","iron","other",NA,NA,0,55051
"wi","iron","republican",NA,NA,0,55051
"wi","jackson","democrat",NA,NA,0,55053
"wi","jackson","other",NA,NA,0,55053
"wi","jackson","republican",NA,NA,0,55053
"wi","jefferson","democrat",NA,NA,0,55055
"wi","jefferson","other",NA,NA,0,55055
"wi","jefferson","republican",NA,NA,0,55055
"wi","juneau","democrat",NA,NA,0,55057
"wi","juneau","other",NA,NA,0,55057
"wi","juneau","republican",NA,NA,0,55057
"wi","kenosha","democrat",NA,NA,0,55059
"wi","kenosha","other",NA,NA,0,55059
"wi","kenosha","republican",NA,NA,0,55059
"wi","kewaunee","democrat",NA,NA,0,55061
"wi","kewaunee","other",NA,NA,0,55061
"wi","kewaunee","republican",NA,NA,0,55061
"wi","la crosse","democrat",NA,NA,0,55063
"wi","la crosse","other",NA,NA,0,55063
"wi","la crosse","republican",NA,NA,0,55063
"wi","lafayette","democrat",NA,NA,0,55065
"wi","lafayette","other",NA,NA,0,55065
"wi","lafayette","republican",NA,NA,0,55065
"wi","langlade","democrat",NA,NA,0,55067
"wi","langlade","other",NA,NA,0,55067
"wi","langlade","republican",NA,NA,0,55067
"wi","lincoln","democrat",NA,NA,0,55069
"wi","lincoln","other",NA,NA,0,55069
"wi","lincoln","republican",NA,NA,0,55069
"wi","manitowoc","democrat",NA,NA,0,55071
"wi","manitowoc","other",NA,NA,0,55071
"wi","manitowoc","republican",NA,NA,0,55071
"wi","marathon","democrat",NA,NA,0,55073
"wi","marathon","other",NA,NA,0,55073
"wi","marathon","republican",NA,NA,0,55073
"wi","marinette","democrat",NA,NA,0,55075
"wi","marinette","other",NA,NA,0,55075
"wi","marinette","republican",NA,NA,0,55075
"wi","marquette","democrat",NA,NA,0,55077
"wi","marquette","other",NA,NA,0,55077
"wi","marquette","republican",NA,NA,0,55077
"wi","menominee","democrat",NA,NA,0,55078
"wi","menominee","other",NA,NA,0,55078
"wi","menominee","republican",NA,NA,0,55078
"wi","milwaukee","democrat",NA,NA,0,55079
"wi","milwaukee","other",NA,NA,0,55079
"wi","milwaukee","republican",NA,NA,0,55079
"wi","monroe","democrat",NA,NA,0,55081
"wi","monroe","other",NA,NA,0,55081
"wi","monroe","republican",NA,NA,0,55081
"wi","oconto","democrat",NA,NA,0,55083
"wi","oconto","other",NA,NA,0,55083
"wi","oconto","republican",NA,NA,0,55083
"wi","oneida","democrat",NA,NA,0,55085
"wi","oneida","other",NA,NA,0,55085
"wi","oneida","republican",NA,NA,0,55085
"wi","outagamie","democrat",NA,NA,0,55087
"wi","outagamie","other",NA,NA,0,55087
"wi","outagamie","republican",NA,NA,0,55087
"wi","ozaukee","democrat",NA,NA,0,55089
"wi","ozaukee","other",NA,NA,0,55089
"wi","ozaukee","republican",NA,NA,0,55089
"wi","pepin","democrat",NA,NA,0,55091
"wi","pepin","other",NA,NA,0,55091
"wi","pepin","republican",NA,NA,0,55091
"wi","pierce","democrat",NA,NA,0,55093
"wi","pierce","other",NA,NA,0,55093
"wi","pierce","republican",NA,NA,0,55093
"wi","polk","democrat",NA,NA,0,55095
"wi","polk","other",NA,NA,0,55095
"wi","polk","republican",NA,NA,0,55095
"wi","portage","democrat",NA,NA,0,55097
"wi","portage","other",NA,NA,0,55097
"wi","portage","republican",NA,NA,0,55097
"wi","price","democrat",NA,NA,0,55099
"wi","price","other",NA,NA,0,55099
"wi","price","republican",NA,NA,0,55099
"wi","racine","democrat",NA,NA,0,55101
"wi","racine","other",NA,NA,0,55101
"wi","racine","republican",NA,NA,0,55101
"wi","richland","democrat",NA,NA,0,55103
"wi","richland","other",NA,NA,0,55103
"wi","richland","republican",NA,NA,0,55103
"wi","rock","democrat",NA,NA,0,55105
"wi","rock","other",NA,NA,0,55105
"wi","rock","republican",NA,NA,0,55105
"wi","rusk","democrat",NA,NA,0,55107
"wi","rusk","other",NA,NA,0,55107
"wi","rusk","republican",NA,NA,0,55107
"wi","sauk","democrat",NA,NA,0,55111
"wi","sauk","other",NA,NA,0,55111
"wi","sauk","republican",NA,NA,0,55111
"wi","sawyer","democrat",NA,NA,0,55113
"wi","sawyer","other",NA,NA,0,55113
"wi","sawyer","republican",NA,NA,0,55113
"wi","shawano","democrat",NA,NA,0,55115
"wi","shawano","other",NA,NA,0,55115
"wi","shawano","republican",NA,NA,0,55115
"wi","sheboygan","democrat",NA,NA,0,55117
"wi","sheboygan","other",NA,NA,0,55117
"wi","sheboygan","republican",NA,NA,0,55117
"wi","st. croix","democrat",NA,NA,0,55109
"wi","st. croix","other",NA,NA,0,55109
"wi","st. croix","republican",NA,NA,0,55109
"wi","taylor","democrat",NA,NA,0,55119
"wi","taylor","other",NA,NA,0,55119
"wi","taylor","republican",NA,NA,0,55119
"wi","trempealeau","democrat",NA,NA,0,55121
"wi","trempealeau","other",NA,NA,0,55121
"wi","trempealeau","republican",NA,NA,0,55121
"wi","vernon","democrat",NA,NA,0,55123
"wi","vernon","other",NA,NA,0,55123
"wi","vernon","republican",NA,NA,0,55123
"wi","vilas","democrat",NA,NA,0,55125
"wi","vilas","other",NA,NA,0,55125
"wi","vilas","republican",NA,NA,0,55125
"wi","walworth","democrat",NA,NA,0,55127
"wi","walworth","other",NA,NA,0,55127
"wi","walworth","republican",NA,NA,0,55127
"wi","washburn","democrat",NA,NA,0,55129
"wi","washburn","other",NA,NA,0,55129
"wi","washburn","republican",NA,NA,0,55129
"wi","washington","democrat",NA,NA,0,55131
"wi","washington","other",NA,NA,0,55131
"wi","washington","republican",NA,NA,0,55131
"wi","waukesha","democrat",NA,NA,0,55133
"wi","waukesha","other",NA,NA,0,55133
"wi","waukesha","republican",NA,NA,0,55133
"wi","waupaca","democrat",NA,NA,0,55135
"wi","waupaca","other",NA,NA,0,55135
"wi","waupaca","republican",NA,NA,0,55135
"wi","waushara","democrat",NA,NA,0,55137
"wi","waushara","other",NA,NA,0,55137
"wi","waushara","republican",NA,NA,0,55137
"wi","winnebago","democrat",NA,NA,0,55139
"wi","winnebago","other",NA,NA,0,55139
"wi","winnebago","republican",NA,NA,0,55139
"wi","wood","democrat",NA,NA,0,55141
"wi","wood","other",NA,NA,0,55141
"wi","wood","republican",NA,NA,0,55141
